nombre,marca,categoria,precio_eur,peso_kg,precio_por_kg,tienda,url,imagen_url,fecha_scraping,protein_per_serving_g,serving_size_g,servings_per_container,sweetener_free,flavors_available,store_rating,store_rating_count,store_rating_url,protein_subtype,_precio_fresco,agotado,sin_precio
Evo 4:1:1 (BCAA's instantáneos) en polvo 1kg,,BCAA,20.66,1.0,20.66,HSN,https://www.hsnstore.com/marcas/sport-series/evo-4-1-1-bcaa-s-instantaneos-en-polvo,https://www.hsnstore.com/media/catalog/product/cache/67ee89799642c567a71fc92f3699d937/e/v/evo-4-1-1-powder-hsn_1.jpg,2026-10-06,,5.0,30.0,False,"['frambuesa azul', 'limón', 'manzana', 'naranja', 'piña', 'ponche de frutas', 'sandía', 'cola']",4.7,227.0,https://www.hsnstore.com/marcas/sport-series/evo-4-1-1-bcaa-s-instantaneos-en-polvo,,,,
R1 Gain 4.5 Kg,Rule1,BCAA,94.95,4.5,21.1,Nutritienda,https://www.nutritienda.com/es/rule1/r1-gain-4500g,https://imagedelivery.net/-uGyOE-KT6ZqyPmPyh8-iw/f07161c3-8db9-45a4-4402-05d99005ce00/public,2026-10-06,,,,,,,,,,,True,
BCAA's instantáneo 2:1:1 2.0 1kg,,BCAA,21.14,1.0,21.14,HSN,https://www.hsnstore.com/marcas/raw-series/bcaas-instantaneo-2-1-1-2-0,https://www.hsnstore.com/media/catalog/product/cache/67ee89799642c567a71fc92f3699d937/b/c/bcaas-2-1-1-gral-front-hsn_1_1.webp,2026-10-06,,5.0,100.0,False,['sin sabor'],4.65,366.0,https://www.hsnstore.com/marcas/raw-series/bcaas-instantaneo-2-1-1-2-0,,,,
EvoBCAA's complex en polvo 1kg,,BCAA,22.9,1.0,22.9,HSN,https://www.hsnstore.com/marcas/sport-series/evobcaas-complex-en-polvo,https://www.hsnstore.com/media/catalog/product/cache/67ee89799642c567a71fc92f3699d937/e/v/evobcaas-complex-powder-hsn_1.jpg,2026-10-06,,15.5,10.0,False,"['grosella negra', 'manzana', 'sandía']",4.65,188.0,https://www.hsnstore.com/marcas/sport-series/evobcaas-complex-en-polvo,,,,
BCAA's instantáneo 4:1:1 2.0 1kg,,BCAA,24.33,1.0,24.33,HSN,https://www.hsnstore.com/marcas/raw-series/bcaa-s-instantaneo-4-1-1-2-0,https://www.hsnstore.com/media/catalog/product/cache/67ee89799642c567a71fc92f3699d937/b/c/bcaas-4-1-1-raw-hsn_1.jpg,2026-10-06,,5.0,200.0,False,['sin sabor'],4.6,308.0,https://www.hsnstore.com/marcas/raw-series/bcaa-s-instantaneo-4-1-1-2-0,,,,
EvoBCAA's 2.0 (BCAA's 12:1:1 + glutamina) 1kg,,BCAA,25.15,1.0,25.15,HSN,https://www.hsnstore.com/marcas/sport-series/evobcaa-s-2-0-bcaas-12-1-1-glutamina,https://www.hsnstore.com/media/catalog/product/cache/67ee89799642c567a71fc92f3699d937/e/v/evobcaa-powder-hsn_1.jpg,2026-10-06,,11.0,45.0,False,"['cereza', 'cola', 'frambuesa azul', 'grosella negra', 'limón', 'manzana', 'naranja', 'piña', 'ponche frutas', 'sandia', 'té helado de melocotón']",4.65,2611.0,https://www.hsnstore.com/marcas/sport-series/evobcaa-s-2-0-bcaas-12-1-1-glutamina,,,True,
R1 Gain 2.2 Kg,Rule1,BCAA,59.9,2.2,27.23,Nutritienda,https://www.nutritienda.com/es/rule1/r1-gain-2200g,https://imagedelivery.net/-uGyOE-KT6ZqyPmPyh8-iw/db8d3abf-c488-44ca-6db5-f535333b5b00/public,2026-10-06,,,,,,5.0,1.0,https://www.nutritienda.com/es/rule1/r1-gain-2200g,,,True,
Origin Intra-Workout 1.2kg,,BCAA,34.99,1.2,29.16,MyProtein,https://www.myprotein.es/p/nutricion-deportiva/origin-intra-workout/16872733/,https://main.thgimages.com?url=https://static.thcdn.com/productimg/original/16872735-1555272544698212.jpg&format=webp&width=1500&height=1500&fit=cover,2026-10-06,,,,,"['Blue Slushie', 'Original (White)', 'Raspberry Candy']",,,,,True,,
100% Platinum Whey 750g,Vplab Nutrition,BCAA,22.99,0.75,30.65,Nutritienda,https://www.nutritienda.com/es/vplab-nutrition/100-platinum-whey-750g,https://imagedelivery.net/-uGyOE-KT6ZqyPmPyh8-iw/cac9706b-89e3-4621-4ff0-99edcc4c4a00/public,2026-10-06,,,,,,5.0,3.0,https://www.nutritienda.com/es/vplab-nutrition/100-platinum-whey-750g,,,True,
BCAA 2:1:1 6000 mg 720g,Hivital,BCAA,24.77,0.72,34.4,Hivital,https://www.awin1.com/cread.php?awinmid=20039&awinaffid=2845182&ued=https%3A%2F%2Fwww.hivital.com%2Fproducto%2Fbcaa%2F,https://www.hivital.com/wp-content/uploads/2024/10/Frontal-BCAA-Atrezzo-800x800-JPG.jpg,2026-10-06,,,,,,,,,,,,
Intra 2000g,Power Labs,BCAA,75.0,2.0,37.5,Nutritienda,https://www.nutritienda.com/es/power-labs/intra-2000g,https://imagedelivery.net/-uGyOE-KT6ZqyPmPyh8-iw/02df0287-afa2-49ac-d86b-f30766a6e100/public,2026-10-06,,,,,,4.8,16.0,https://www.nutritienda.com/es/power-labs/intra-2000g,,,True,
Battery BCAA 2:1:1 500g,Battery Nutrition,BCAA,18.9,0.5,37.8,Nutritienda,https://www.nutritienda.com/es/battery-nutrition/bcaa-2-1-1-500g,https://imagedelivery.net/-uGyOE-KT6ZqyPmPyh8-iw/fef0fc36-bd14-4976-6e08-08f74850e100/public,2026-10-06,,,,,,5.0,9.0,https://www.nutritienda.com/es/battery-nutrition/bcaa-2-1-1-500g,,,True,
226ERS High Energy Gel 76g - Gel Energético Ciclodextrina,226ers,BCAA,3.15,0.076,41.45,Nutritienda,https://www.nutritienda.com/es/226ers/high-energy-gel-bcaa-76g,https://imagedelivery.net/-uGyOE-KT6ZqyPmPyh8-iw/743228dd-8289-48e0-15af-c4c7e764f000/public,2026-10-06,,,,,,4.7,15.0,https://www.nutritienda.com/es/226ers/high-energy-gel-bcaa-76g,,,,
Zero BCAA 300 g,,BCAA,12.72,0.3,42.4,Prozis,https://www.prozis.com/es/es/prozis/zero-bcaa-300-g,//static.sscontent.com/thumb/750/750/t/products/124/v1475406_prozis_zero-bcaa-300-g_green-apple_flavor_21.png,2026-10-06,,,,,"['Limón', 'Manzana verde', 'Mojito']",4.62,3314.0,https://www.prozis.com/es/es/prozis/zero-bcaa-300-g,,,,
Battery Whey Gold Isolate Large 1600g,Battery Nutrition,BCAA,67.95,1.6,42.47,Nutritienda,https://www.nutritienda.com/es/battery-nutrition/battery-whey-gold-isolate-large-1600g,https://imagedelivery.net/-uGyOE-KT6ZqyPmPyh8-iw/c782d4e8-c11d-42e1-e5b7-56d159936700/public,2026-10-06,,,,,,5.0,5.0,https://www.nutritienda.com/es/battery-nutrition/battery-whey-gold-isolate-large-1600g,,,True,
R.M.1 BCAA 8.1.1 Recovery Mix 500g,+watt,BCAA,22.5,0.5,45.0,Nutritienda,https://www.nutritienda.com/es/watt/r-m-1-bcaa-8-1-1-recovery-mix-500g,https://imagedelivery.net/-uGyOE-KT6ZqyPmPyh8-iw/4ef7b321-7e46-4028-a169-722033e5e300/public,2026-10-06,,,,,,5.0,1.0,https://www.nutritienda.com/es/watt/r-m-1-bcaa-8-1-1-recovery-mix-500g,,,True,
BCAA's + Glutamina 400g,Amazin' Foods,BCAA,18.99,0.4,47.47,Nutritienda,https://www.nutritienda.com/es/amazin-foods/bcaa-glutamina-400g,https://imagedelivery.net/-uGyOE-KT6ZqyPmPyh8-iw/94914e12-6159-4976-59da-72f275bd4f00/public,2026-10-06,,,,,,4.8,306.0,https://www.nutritienda.com/es/amazin-foods/bcaa-glutamina-400g,,,True,
BCAA 2:1:1 500g,,BCAA,23.99,0.5,47.98,MyProtein,https://www.myprotein.es/p/nutricion-deportiva/bcaa-2-1-1/10529280/,https://main.thgimages.com?url=https://static.thcdn.com/productimg/original/10529280-1585276144825973.jpg&format=webp&width=1500&height=1500&fit=cover,2026-10-06,,,,,"['Sin Sabor', 'Limón Amargo', 'Fresa y Lima', 'Cola', 'Tropical', 'Berry Burst', 'Sandía', 'Frambuesa Azul', 'Melocotón y Mango', 'Mojito', 'Uva']",4.45,191.0,https://www.myprotein.es/p/nutricion-deportiva/bcaa-2-1-1/10529280/,,True,,
"BCAA, 2:1:1 250g",Myprotein,BCAA,12.6,0.25,50.4,Nutritienda,https://www.nutritienda.com/es/myprotein/bcaa-2-1-1-250g,https://imagedelivery.net/-uGyOE-KT6ZqyPmPyh8-iw/ef69c4ac-e085-48b7-c2ba-6b2a5209a000/public,2026-10-06,,,,,,,,,,,True,
Bcaa + Glutamine 6:1:1 500g,Best Protein,BCAA,27.0,0.5,54.0,Nutritienda,https://www.nutritienda.com/es/best-protein/bcaa-glutamine-500g,https://imagedelivery.net/-uGyOE-KT6ZqyPmPyh8-iw/5734b263-bc21-403b-9e13-958b3f7d6200/public,2026-10-06,,,,,,4.9,8.0,https://www.nutritienda.com/es/best-protein/bcaa-glutamine-500g,,,,
QUAMTRAX Hydra BCAAs - Aminoácidos para Rendimiento 420g,Quamtrax,BCAA,23.12,0.42,55.05,Nutritienda,https://www.nutritienda.com/es/quamtrax/hydra-bcaas-420g,https://imagedelivery.net/-uGyOE-KT6ZqyPmPyh8-iw/f735798c-97c7-42d6-ac7d-9dd4bffc7900/public,2026-10-06,,,,,,,,,,,,
100% Black Bol Bcaa Powder 450g,Best Body Nutrition,BCAA,24.99,0.45,55.53,Nutritienda,https://www.nutritienda.com/es/best-body-nutrition/100-black-bol-bcaa-powder-450g,https://imagedelivery.net/-uGyOE-KT6ZqyPmPyh8-iw/d7343da7-5827-4d22-4e2f-5edf5f9f8900/public,2026-10-06,,,,,,,,,,,True,
Bcaa+Glutamine Concept 500g,Mega Plus,BCAA,28.05,0.5,56.1,Nutritienda,https://www.nutritienda.com/es/mega-plus/bcaa-glutamine-concept-500g,https://imagedelivery.net/-uGyOE-KT6ZqyPmPyh8-iw/395bbeec-5561-4ca0-cc1c-1a6b1c33ce00/public,2026-10-06,,,,,,4.9,19.0,https://www.nutritienda.com/es/mega-plus/bcaa-glutamine-concept-500g,,,,
Quantum 10.4 Revolt 800g,Anderson Research,BCAA,44.91,0.8,56.14,Nutritienda,https://www.nutritienda.com/es/anderson-research/quantum-10-4-revolt-800g,https://imagedelivery.net/-uGyOE-KT6ZqyPmPyh8-iw/d29fcf5a-8f28-4eb7-096a-d62953a98300/public,2026-10-06,,,,,,,,,,,True,
BCAA 2:1:1 300 g,,BCAA,16.99,0.3,56.63,Prozis,https://www.prozis.com/es/es/prozis/bcaa-211-300-g,//static.sscontent.com/thumb/750/750/t/products/124/v1470643_prozis_bcaa-211-300-g_1.png,2026-10-06,,,,,"['Neutro', 'Lima-Limón', 'Mango y Melocotón']",4.5,8975.0,https://www.prozis.com/es/es/prozis/bcaa-211-300-g,,,,
Premium BCAA Zero 8:1:1 + L-Glutamina 500mg 500g,Weider,BCAA,28.48,0.5,56.96,Nutritienda,https://www.nutritienda.com/es/weider/premium-bcaa-zero-811-l-glutamina-500g,https://imagedelivery.net/-uGyOE-KT6ZqyPmPyh8-iw/95901835-4b87-4ce7-125e-03ef68774a00/public,2026-10-06,,,,,,4.7,21.0,https://www.nutritienda.com/es/weider/premium-bcaa-zero-811-l-glutamina-500g,,,True,
BCAA 2:1:1 500g,Life Pro Nutrition,BCAA,28.9,0.5,57.8,Nutritienda,https://www.nutritienda.com/es/life-pro-nutrition/bcaa-2-1-1-500g,https://imagedelivery.net/-uGyOE-KT6ZqyPmPyh8-iw/5ad677b0-1268-4bd6-ec5f-28b008e83700/public,2026-10-06,,,,,,,,,,,,
BCAA 8:1:1 300 g,,BCAA,17.49,0.3,58.3,Prozis,https://www.prozis.com/es/es/prozis/bcaa-811-300-g,//static.sscontent.com/thumb/750/750/t/products/124/v1721183_prozis_bcaa-811-300g_1.png,2026-10-06,,,,,"['Neutro', 'Cola', 'Frutos tropicales', 'Lima-Limón', 'Mango y Melocotón', 'Melocotón y fruta de la pasión']",4.64,7899.0,https://www.prozis.com/es/es/prozis/bcaa-811-300-g,,,,
Essential BCAA 4:1:1 Neutro 250g,Myprotein,BCAA,14.62,0.25,58.48,Nutritienda,https://www.nutritienda.com/es/myprotein/essential-bcaa-4-1-1-neutro-250g,https://imagedelivery.net/-uGyOE-KT6ZqyPmPyh8-iw/2e465fec-7d0f-4bd2-d34e-fa6fa3e7f800/public,2026-10-06,,,,,,,,,,,True,
Premium L-Glutamina + AstraGin 400g,Weider,BCAA,23.74,0.4,59.35,Nutritienda,https://www.nutritienda.com/es/weider/premium-l-glutamina-astragin-400g,https://imagedelivery.net/-uGyOE-KT6ZqyPmPyh8-iw/0f9e4115-e2a1-457d-d51e-2ad8a4737800/public,2026-10-06,,,,,,,,,,,,
BCAA 4:1:1 en polvo 500g,,BCAA,29.99,0.5,59.98,MyProtein,https://www.myprotein.es/p/nutricion-deportiva/bcaa-4-1-1-en-polvo/10830546/,https://main.thgimages.com?url=https://static.thcdn.com/productimg/original/10830553-1635199715531221.jpg&format=webp&width=1500&height=1500&fit=cover,2026-10-06,,,,,"['Sin Sabor', 'Tropical', 'Berry Burst']",4.47,139.0,https://www.myprotein.es/p/nutricion-deportiva/bcaa-4-1-1-en-polvo/10830546/,,True,,
BCAA Xplode Powder Energy 500g,Olimp,BCAA,30.0,0.5,60.0,Nutritienda,https://www.nutritienda.com/es/olimp/bcaa-xplode-powder-energy-500g,https://imagedelivery.net/-uGyOE-KT6ZqyPmPyh8-iw/e4c058be-d293-4a23-5fe8-d37c00fc5f00/public,2026-10-06,,,,,,4.8,4.0,https://www.nutritienda.com/es/olimp/bcaa-xplode-powder-energy-500g,,,True,
Bcaa+Glutamine Core 300g,Procell,BCAA,18.14,0.3,60.47,Nutritienda,https://www.nutritienda.com/es/procell/bcaa-glutamine-core-300g,https://imagedelivery.net/-uGyOE-KT6ZqyPmPyh8-iw/ad518f3f-1f46-4676-83e0-d995ff610000/public,2026-10-06,,,,,,,,,,,True,
Hardcore BCAA 390g,Mutant,BCAA,23.9,0.39,61.28,Nutritienda,https://www.nutritienda.com/es/mutant/hardcore-bcaa-390g,https://imagedelivery.net/-uGyOE-KT6ZqyPmPyh8-iw/84264bab-4724-44df-0120-486585c8b100/public,2026-10-06,,,,,,,,,,,True,
BCAA 8:1:1 300g,Vplab Nutrition,BCAA,18.99,0.3,63.3,Nutritienda,https://www.nutritienda.com/es/vplab-nutrition/bcaa-811-300g,https://imagedelivery.net/-uGyOE-KT6ZqyPmPyh8-iw/595e112b-939c-4525-e629-7c5de532a800/public,2026-10-06,,,,,,4.7,84.0,https://www.nutritienda.com/es/vplab-nutrition/bcaa-811-300g,,,True,
Pack Regalo Glutamina + BCAA 530g + Tribulyn 30 Caps,Amix Nutrition,BCAA,33.58,0.53,63.36,Nutritienda,https://www.nutritienda.com/es/amix-nutrition/pack-regalo-glutamina-bcaa-530g-tribulyn-30-capsulas,https://imagedelivery.net/-uGyOE-KT6ZqyPmPyh8-iw/b76a9092-1fb2-4685-b4ad-7de71cc33300/public,2026-10-06,,,,,,,,,,,True,
Pack Regalo Glutamina + BCAA 530g + Multimega 30 Caps,Amix Nutrition,BCAA,33.58,0.53,63.36,Nutritienda,https://www.nutritienda.com/es/amix-nutrition/pack-regalo-glutamina-bcaa-530g-multimega-30-caps,https://imagedelivery.net/-uGyOE-KT6ZqyPmPyh8-iw/8359b49d-cd96-4139-0922-e6a3c0fe1300/public,2026-10-06,,,,,,,,,,,True,
Pack Regalo Glutamina + Bcaa 530g + Magnechel 30 Caps,Amix Nutrition,BCAA,33.58,0.53,63.36,Nutritienda,https://www.nutritienda.com/es/amix-nutrition/pack-regalo-glutamina-bcaa-530g-magnechel-30-caps,https://imagedelivery.net/-uGyOE-KT6ZqyPmPyh8-iw/f14ab3be-ad29-4569-8761-fae95b90f300/public,2026-10-06,,,,,,,,,,,True,
Intracell 400g,Procell,BCAA,25.91,0.4,64.77,Nutritienda,https://www.nutritienda.com/es/procell/intracell-400g,https://imagedelivery.net/-uGyOE-KT6ZqyPmPyh8-iw/33b7f3db-4b57-468a-e93d-160d451ced00/public,2026-10-06,,,,,,4.0,1.0,https://www.nutritienda.com/es/procell/intracell-400g,,,True,
Zero BCAA 150 g,,BCAA,9.74,0.15,64.93,Prozis,https://www.prozis.com/es/es/prozis/zero-bcaa-150-g,//static.sscontent.com/thumb/750/750/t/products/124/v1783113_prozis_zero-bcaa-150g_lemon_flavor_21.png,2026-10-06,,,,,"['Limón', 'Manzana verde', 'Mojito']",4.62,3314.0,https://www.prozis.com/es/es/prozis/zero-bcaa-150-g,,,,
226ERS BCAA 8:1:1 Aminoácidos 300g | Recuperación Muscular,226ers,BCAA,19.95,0.3,66.5,Nutritienda,https://www.nutritienda.com/es/226ers-bcaa-8-1-1-300g,https://imagedelivery.net/-uGyOE-KT6ZqyPmPyh8-iw/0e5b6583-82cd-4739-c0fb-a39e41063500/public,2026-10-06,,,,,,4.7,27.0,https://www.nutritienda.com/es/226ers-bcaa-8-1-1-300g,,,,
Bcaa 2:1:1 300g,Vplab Nutrition,BCAA,19.99,0.3,66.63,Nutritienda,https://www.nutritienda.com/es/vplab-nutrition/bcaa-2-1-1-300g,https://imagedelivery.net/-uGyOE-KT6ZqyPmPyh8-iw/c55465b1-0435-4ad3-6b5e-9d66c2477f00/public,2026-10-06,,,,,,4.8,37.0,https://www.nutritienda.com/es/vplab-nutrition/bcaa-2-1-1-300g,,,True,
BCAAs 8:1:1 Powder 300g,Eurosup,BCAA,20.0,0.3,66.67,Nutritienda,https://www.nutritienda.com/es/eurosup/bcaas-8-1-1-powder-300g,https://imagedelivery.net/-uGyOE-KT6ZqyPmPyh8-iw/65bf8691-22ca-4321-9242-ed5bb4c7e800/public,2026-10-06,,,,,,,,,,,True,
R1 Bcaa 222g,Rule1,BCAA,15.01,0.222,67.61,Nutritienda,https://www.nutritienda.com/es/rule1/r1-bcaa-222g,https://imagedelivery.net/-uGyOE-KT6ZqyPmPyh8-iw/c13d4839-6e4a-409e-f091-5bae20af7d00/public,2026-10-06,,,,,,4.2,5.0,https://www.nutritienda.com/es/rule1/r1-bcaa-222g,,,True,
Glutamina & Bcaas 2:1:1 300g,Be Essential,BCAA,20.65,0.3,68.83,Nutritienda,https://www.nutritienda.com/es/be-essential/glutamina-bcaas-211-300g,https://imagedelivery.net/-uGyOE-KT6ZqyPmPyh8-iw/6e023f8e-338f-42cb-2b83-317af9ac4f00/public,2026-10-06,,,,,,,,,,,True,
Ammo Zero Bcaa 315g,Anderson Research,BCAA,22.41,0.315,71.14,Nutritienda,https://www.nutritienda.com/es/anderson-research/ammo-zero-bcaa-315g,https://imagedelivery.net/-uGyOE-KT6ZqyPmPyh8-iw/4f82096f-91fc-465e-6b0c-f3b110952000/public,2026-10-06,,,,,,,,,,,True,
After 420g,Biotech Usa,BCAA,29.9,0.42,71.19,Nutritienda,https://www.nutritienda.com/es/biotech-usa/after-post-entrenamiento-420g,https://imagedelivery.net/-uGyOE-KT6ZqyPmPyh8-iw/bbec2b49-fbed-4c12-6b66-8759f731d800/public,2026-10-06,,,,,,4.6,5.0,https://www.nutritienda.com/es/biotech-usa/after-post-entrenamiento-420g,,,,
Bcaa+Glutamine 600g,Mega Plus,BCAA,43.01,0.6,71.68,Nutritienda,https://www.nutritienda.com/es/mega-plus/bcaa-glutamine-600g,https://imagedelivery.net/-uGyOE-KT6ZqyPmPyh8-iw/114ae552-3714-4891-5b07-f6f8024a6800/public,2026-10-06,,,,,,4.3,3.0,https://www.nutritienda.com/es/mega-plus/bcaa-glutamine-600g,,,True,
R1 Bcaa 444g,Rule1,BCAA,31.9,0.444,71.85,Nutritienda,https://www.nutritienda.com/es/rule1/r1-bcaa-444g,https://imagedelivery.net/-uGyOE-KT6ZqyPmPyh8-iw/69a8a309-d596-4873-403e-98f9b7acde00/public,2026-10-06,,,,,,5.0,1.0,https://www.nutritienda.com/es/rule1/r1-bcaa-444g,,,True,
Amino Build 400g,Muscletech,BCAA,28.9,0.4,72.25,Nutritienda,https://www.nutritienda.com/es/muscletech/amino-build-400g,https://imagedelivery.net/-uGyOE-KT6ZqyPmPyh8-iw/27f79d2e-6b9a-4aaa-0590-17ad13233a00/public,2026-10-06,,,,,,,,,,,True,
Bcaa Sensation 345g,Dedicated Nutrition,BCAA,24.99,0.345,72.43,Nutritienda,https://www.nutritienda.com/es/dedicated-nutrition/bcaa-sensation-345g,https://imagedelivery.net/-uGyOE-KT6ZqyPmPyh8-iw/983932ed-87c0-48e3-aeb4-13cfa7914c00/public,2026-10-06,,,,,,4.3,8.0,https://www.nutritienda.com/es/dedicated-nutrition/bcaa-sensation-345g,,,True,
Bcaa Energy 300g,Evlution Nutrition,BCAA,22.2,0.3,74.0,Nutritienda,https://www.nutritienda.com/es/evlution-nutrition/bcaa-energy-300g,https://imagedelivery.net/-uGyOE-KT6ZqyPmPyh8-iw/8ca9b6ef-a047-4e7a-028e-113539fd9300/public,2026-10-06,,,,,,5.0,1.0,https://www.nutritienda.com/es/evlution-nutrition/bcaa-energy-300g,,,True,
Bcaa 5000 300g,Evlution Nutrition,BCAA,22.2,0.3,74.0,Nutritienda,https://www.nutritienda.com/es/evlution-nutrition/bcaa-5000-300g,https://imagedelivery.net/-uGyOE-KT6ZqyPmPyh8-iw/3d8744bd-827b-4aa6-7e18-f51f9c900d00/public,2026-10-06,,,,,,,,,,,True,
BCAA 8:1:1 500g,Self Omninutrition,BCAA,39.99,0.5,79.98,Nutritienda,https://www.nutritienda.com/es/self-omninutrition/bcaa-8-1-1-500g,https://imagedelivery.net/-uGyOE-KT6ZqyPmPyh8-iw/68f35461-c598-4fcb-9fdd-36cf65778700/public,2026-10-06,,,,,,,,,,,True,
BCAA +Glutamina Zero 480g,Biotech Usa,BCAA,38.9,0.48,81.04,Nutritienda,https://www.nutritienda.com/es/biotech-usa/bcaa-glutamina-zero-480g,https://imagedelivery.net/-uGyOE-KT6ZqyPmPyh8-iw/0dbf3449-c32a-42c8-cb09-f21a8e34ce00/public,2026-10-06,,,,,,4.9,41.0,https://www.nutritienda.com/es/biotech-usa/bcaa-glutamina-zero-480g,,,,
Bcaa Pre-Workout 300g,Self Omninutrition,BCAA,24.99,0.3,83.3,Nutritienda,https://www.nutritienda.com/es/self-omninutrition/bcaa-pre-workout-300g,https://imagedelivery.net/-uGyOE-KT6ZqyPmPyh8-iw/51b5e19b-7671-4524-ec75-a05c7720b200/public,2026-10-06,,,,,,4.7,6.0,https://www.nutritienda.com/es/self-omninutrition/bcaa-pre-workout-300g,,,True,
Beverly BCAA 8:1:1 + L-Glutamina 300g | Recuperación Muscular,Beverly Nutrition,BCAA,25.11,0.3,83.7,Nutritienda,https://www.nutritienda.com/es/beverly-nutrition/bcaa-8-1-1-300g,https://imagedelivery.net/-uGyOE-KT6ZqyPmPyh8-iw/d0fc908f-4cb8-45b1-df89-76b82a565200/public,2026-10-06,,,,,,,,,,,,
BCAA Instant Drink 300g,Amix Performance,BCAA,26.35,0.3,87.83,Nutritienda,https://www.nutritienda.com/es/amix-performance/bcaa-instant-drink-300g,https://imagedelivery.net/-uGyOE-KT6ZqyPmPyh8-iw/57829f13-2807-43eb-8a2c-4ffcb1242000/public,2026-10-06,,,,,,4.9,8.0,https://www.nutritienda.com/es/amix-performance/bcaa-instant-drink-300g,,,,
Best Bcaa 300g,Bpi Sport,BCAA,27.4,0.3,91.33,Nutritienda,https://www.nutritienda.com/es/bpi-sport/best-bcaa,https://imagedelivery.net/-uGyOE-KT6ZqyPmPyh8-iw/8775bb16-f75d-4a85-c394-8bc83fd60900/public,2026-10-06,,,,,,4.4,103.0,https://www.nutritienda.com/es/bpi-sport/best-bcaa,,,True,
BCAA 12:1:1 Glutamina Kojak 400g,Big,BCAA,37.75,0.4,94.38,Nutritienda,https://www.nutritienda.com/es/big/bcaa-12-1-1-glutamina-kojak-400g,https://imagedelivery.net/-uGyOE-KT6ZqyPmPyh8-iw/4109eb5c-933c-47bd-5d2c-ae8f60f1d800/public,2026-10-06,,,,,,,,,,,,
Mega Sauzer New Fórmula 300g,Yamamoto Nutrition,BCAA,28.89,0.3,96.3,Nutritienda,https://www.nutritienda.com/es/yamamoto-nutrition/mega-sauzer-new-formula-300g,https://imagedelivery.net/-uGyOE-KT6ZqyPmPyh8-iw/8ede406d-401c-4250-3fde-a09762989500/public,2026-10-06,,,,,,,,,,,True,
BCAAS Zero Variedad  Pack  20 Ud de 9g,Biotech Usa,BCAA,17.9,0.18,99.44,Nutritienda,https://www.nutritienda.com/es/biotech-usa/bcaas-zero-variedad-sabores-pack-20-uds-de-9g,https://imagedelivery.net/-uGyOE-KT6ZqyPmPyh8-iw/7d094c50-2304-437a-6f04-8f6af26f3500/public,2026-10-06,,,,,,5.0,1.0,https://www.nutritienda.com/es/biotech-usa/bcaas-zero-variedad-sabores-pack-20-uds-de-9g,,,True,
Bcaa´s 2-1-1 Instant 210g,Crown Sport Nutrition,BCAA,24.5,0.21,116.67,Nutritienda,https://www.nutritienda.com/es/crown-sport-nutrition/bcaa-s-2-1-1-instant-210g,https://imagedelivery.net/-uGyOE-KT6ZqyPmPyh8-iw/250c6892-3b42-4cec-024f-417aa99ffc00/public,2026-10-06,,,,,,,,,,,True,
BCAA 4:1:1 Competition 150 Caps 150caps,Mega Plus,BCAA,23.21,,,Nutritienda,https://www.nutritienda.com/es/mega-plus/bcaa-4-1-1-competition-150-capsulas,https://imagedelivery.net/-uGyOE-KT6ZqyPmPyh8-iw/77c941f8-402b-43f6-a314-7a0c7ab41700/public,2026-10-06,,,,,,,,,,,,
4:1:1 Anabolic BCAA 150 Caps 150caps,Starlabs Nutrition,BCAA,19.71,,,Nutritienda,https://www.nutritienda.com/es/starlabs-nutrition/4-1-1-anabolic-bcaa-150-capsulas,https://imagedelivery.net/-uGyOE-KT6ZqyPmPyh8-iw/9064a8ca-1de1-4ef2-0092-ec7e89ab3100/public,2026-10-06,,,,,,,,,,,,
226ERS 6.4 AMINO+ Glutamina BCAA Arginina Tirosina 120caps,226ers,BCAA,25.9,,,Nutritienda,https://www.nutritienda.com/es/226ers/6-4-amino-glutamina-bcaas-120-caps,https://imagedelivery.net/-uGyOE-KT6ZqyPmPyh8-iw/71d4035c-cbf3-4d14-94ef-9469ff90e300/public,2026-10-06,,,,,,5.0,4.0,https://www.nutritienda.com/es/226ers/6-4-amino-glutamina-bcaas-120-caps,,,,
AMINOÁCIDOS RAMIFICADOS BCAA'S 120caps,Keepgoing,BCAA,22.05,,,Nutritienda,https://www.nutritienda.com/es/keepgoing/aminoacidos-ramificados-bcaa-120-caps,https://imagedelivery.net/-uGyOE-KT6ZqyPmPyh8-iw/fdbbacab-7521-45f4-2ae4-c1d0c7e2d700/public,2026-10-06,,,,,,5.0,5.0,https://www.nutritienda.com/es/keepgoing/aminoacidos-ramificados-bcaa-120-caps,,,,
Muscle BCAA 4:1:1 120 VCaps 120vcaps,Dmi Innovative Nutrition,BCAA,17.5,,,Nutritienda,https://www.nutritienda.com/es/dmi-innovative-nutrition/muscle-bcaa-411,https://imagedelivery.net/-uGyOE-KT6ZqyPmPyh8-iw/c009c67b-2942-4fd0-4f03-50ed65cc6500/public,2026-10-06,,,,,,,,,,,,
BCAA 2:1:1 60 Caps 60caps,Fire Nutrition,BCAA,14.95,,,Nutritienda,https://www.nutritienda.com/es/fire-nutrition/bcaa-2-1-1-60-capsulas,https://imagedelivery.net/-uGyOE-KT6ZqyPmPyh8-iw/d718fa71-9563-43d6-e64b-e4f4bf55cf00/public,2026-10-06,,,,,,,,,,,,
Amino Recovery 120 Caps 120caps,Amazin' Foods,BCAA,11.99,,,Nutritienda,https://www.nutritienda.com/es/amazin-foods/amino-recovery-120-capsulas,https://imagedelivery.net/-uGyOE-KT6ZqyPmPyh8-iw/badbc709-6067-4dec-946c-d31ffaa61600/public,2026-10-06,,,,,,4.3,16.0,https://www.nutritienda.com/es/amazin-foods/amino-recovery-120-capsulas,,,True,
BCAA-XT 120 Caps 120caps,Amix Performance,BCAA,22.36,,,Nutritienda,https://www.nutritienda.com/es/amix-performance-bcaa-xt-120-caps,https://imagedelivery.net/-uGyOE-KT6ZqyPmPyh8-iw/dc96202c-aaa6-4b24-e215-bad3ecebd900/public,2026-10-06,,,,,,,,,,,True,
BCAA's 2:1:1 200tabs,Amazin' Foods,BCAA,14.9,,,Nutritienda,https://www.nutritienda.com/es/amazin-foods/bcaas-211-aminoacidos-ramificados-200-tabs,https://imagedelivery.net/-uGyOE-KT6ZqyPmPyh8-iw/120083dc-8779-4c3c-ed2d-8c9b0f33bc00/public,2026-10-06,,,,,,4.6,60.0,https://www.nutritienda.com/es/amazin-foods/bcaas-211-aminoacidos-ramificados-200-tabs,,,True,
Bcaa 8:1:1 Competition 150 Caps 150caps,Mega Plus,BCAA,19.64,,,Nutritienda,https://www.nutritienda.com/es/mega-plus/bcaa-8-1-1-competition-150-caps,https://imagedelivery.net/-uGyOE-KT6ZqyPmPyh8-iw/51859d7e-d0ec-4f00-15a8-3db98f928b00/public,2026-10-06,,,,,,4.0,2.0,https://www.nutritienda.com/es/mega-plus/bcaa-8-1-1-competition-150-caps,,,True,
AMINO RECOVERY 120 Caps 120caps,Victory Endurance,BCAA,18.9,,,Nutritienda,https://www.nutritienda.com/es/victory-endurance-amino-recovery-120-caps,https://imagedelivery.net/-uGyOE-KT6ZqyPmPyh8-iw/ba3669b8-9cd6-48b0-e402-48e08e558c00/public,2026-10-06,,,,,,4.6,73.0,https://www.nutritienda.com/es/victory-endurance-amino-recovery-120-caps,,,True,
BCAAS 60 Tabs - GOLDNUTRITION 60tabs,Gold Nutrition,BCAA,13.95,,,Nutritienda,https://www.nutritienda.com/es/gold-nutrition/bcaas,https://imagedelivery.net/-uGyOE-KT6ZqyPmPyh8-iw/b34e306f-1c48-45eb-67a5-ed15ca638400/public,2026-10-06,,,,,,4.2,19.0,https://www.nutritienda.com/es/gold-nutrition/bcaas,,,True,
BCAA+ 8:1:1 200 Tabs 200tabs,+watt,BCAA,35.25,,,Nutritienda,https://www.nutritienda.com/es/watt/bcaa-8-1-1-200-tabs,https://imagedelivery.net/-uGyOE-KT6ZqyPmPyh8-iw/643861da-ccb3-4745-f946-9820e38ada00/public,2026-10-06,,,,,,,,,,,True,
Ramificati+ 2:1:1 Vitamin B 300 Tabs 300tabs,+watt,BCAA,39.75,,,Nutritienda,https://www.nutritienda.com/es/watt/ramificati-2-1-1-vitamin-b-300-tabs,https://imagedelivery.net/-uGyOE-KT6ZqyPmPyh8-iw/a344eec1-1b6e-421b-2fe0-dce846671100/public,2026-10-06,,,,,,,,,,,True,
XXX Amino Pool 1000 Tabs 1000tabs,+watt,BCAA,72.0,,,Nutritienda,https://www.nutritienda.com/es/watt/xxx-amino-pool-1000-tabs,https://imagedelivery.net/-uGyOE-KT6ZqyPmPyh8-iw/2c0d7882-88c9-4f02-028e-7156505dd700/public,2026-10-06,,,,,,,,,,,True,
BCAAs 2:1:1 1000 mg 300 Tabs 300tabs,Eurosup,BCAA,19.86,,,Nutritienda,https://www.nutritienda.com/es/eurosup/bcaas-2-1-1-1000-mg-300-tabletas,https://imagedelivery.net/-uGyOE-KT6ZqyPmPyh8-iw/4f73e5cf-692e-4b66-16c9-f9984034c200/public,2026-10-06,,,,,,,,,,,True,
BCAA Complex 120 Caps 120caps,Nutrend,BCAA,17.6,,,Nutritienda,https://www.nutritienda.com/es/nutrend/bcaa-complex-120-caps,https://imagedelivery.net/-uGyOE-KT6ZqyPmPyh8-iw/57ac958d-ee5c-4afb-c1d3-8c1d4bb22100/public,2026-10-06,,,,,,4.7,3.0,https://www.nutritienda.com/es/nutrend/bcaa-complex-120-caps,,,True,
BCAA'S 1000mg 100 Caps 100caps,Sfy Nutrition,BCAA,16.2,,,Nutritienda,https://www.nutritienda.com/es/sfy-nutrition/bcaas-1000mg-100-caps,https://imagedelivery.net/-uGyOE-KT6ZqyPmPyh8-iw/6cc58dc9-0a18-41d2-19bf-ed8b73207000/public,2026-10-06,,,,,,,,,,,True,
Power Bcaa's 120 Caps 120caps,Powergym,BCAA,26.38,,,Nutritienda,https://www.nutritienda.com/es/powergym/power-bcaa-s-120-caps,https://imagedelivery.net/-uGyOE-KT6ZqyPmPyh8-iw/329d8d8c-4a79-4d7d-6539-ba5c5df1a100/public,2026-10-06,,,,,,,,,,,True,
BCAA 8:1:1 120 VCaps 120caps,Be Green,BCAA,31.95,,,Nutritienda,https://www.nutritienda.com/es/be-green/bcaa-811-120-vcaps,https://imagedelivery.net/-uGyOE-KT6ZqyPmPyh8-iw/f315ffb4-c8e1-4c80-5d72-a868dcd89600/public,2026-10-06,,,,,,,,,,,True,
Bcaa 10.1.1 120 Tabs 120tabs,Eric Favre Sport,BCAA,17.48,,,Nutritienda,https://www.nutritienda.com/es/eric-favre-sport/bcaa-10-1-1-120-tabs,https://imagedelivery.net/-uGyOE-KT6ZqyPmPyh8-iw/9710beaa-2870-4116-9600-8398365e1500/public,2026-10-06,,,,,,,,,,,True,
Bcaa Aminobolin 25 ml 20 Viales 20viales,Best Body Nutrition,BCAA,27.99,,,Nutritienda,https://www.nutritienda.com/es/best-body-nutrition/bcaa-aminobolin-20-viales,https://imagedelivery.net/-uGyOE-KT6ZqyPmPyh8-iw/56d32a2c-6ef7-49f7-578c-fa64205e8a00/public,2026-10-06,,,,,,,,,,,True,
Amino 5000 325 Tabs 325tabs,Best Body Nutrition,BCAA,19.99,,,Nutritienda,https://www.nutritienda.com/es/best-body-nutrition/amino-5000-325-tabs,https://imagedelivery.net/-uGyOE-KT6ZqyPmPyh8-iw/8e9b2477-acc8-4285-d3c4-b86f35e0e100/public,2026-10-06,,,,,,,,,,,True,
Whey Amino Shot 25 ml 20 Viales 20viales,Best Body Nutrition,BCAA,27.99,,,Nutritienda,https://www.nutritienda.com/es/best-body-nutrition/whey-amino-shot-20-viales,https://imagedelivery.net/-uGyOE-KT6ZqyPmPyh8-iw/2a606a75-b375-40ef-f3b6-c9d0f164ec00/public,2026-10-06,,,,,,,,,,,True,
Ram BCAA 1000 mg 300 Tabs 300tabs,Prolab,BCAA,19.7,,,Nutritienda,https://www.nutritienda.com/es/prolab/ram-bcaa-1000-mg-300-tabletas,https://imagedelivery.net/-uGyOE-KT6ZqyPmPyh8-iw/0df06193-4feb-4957-d5e3-a398af006a00/public,2026-10-06,,,,,,,,,,,True,
Muscle BCAA 8:1:1 200 VCaps 200vcaps,Dmi Innovative Nutrition,BCAA,33.9,,,Nutritienda,https://www.nutritienda.com/es/dmi-innovative-nutrition/muscle-bcaa-8-1-1-200-capsulas-vegetales,https://imagedelivery.net/-uGyOE-KT6ZqyPmPyh8-iw/401fb7ce-c101-4f63-b96b-1d424813d600/public,2026-10-06,,,,,,5.0,1.0,https://www.nutritienda.com/es/dmi-innovative-nutrition/muscle-bcaa-8-1-1-200-capsulas-vegetales,,,True,
Bcaa 5000 240 Caps 240caps,Evlution Nutrition,BCAA,17.3,,,Nutritienda,https://www.nutritienda.com/es/evlution-nutrition/bcaa-5000-240-capsulas,https://imagedelivery.net/-uGyOE-KT6ZqyPmPyh8-iw/b050127a-b380-4e98-7bcc-41abbbfb0400/public,2026-10-06,,,,,,5.0,1.0,https://www.nutritienda.com/es/evlution-nutrition/bcaa-5000-240-capsulas,,,True,
Evo 2:1:1 (BCAA's 2:1:1 + vitaminas B6 y B12),,BCAA,9.46,,,HSN,https://www.hsnstore.com/marcas/sport-series/evo-2-1-1-bcaa-s-2-1-1-vitaminas-b6-y-b12,https://www.hsnstore.com/media/catalog/product/cache/67ee89799642c567a71fc92f3699d937/e/v/evo-2-1-1-bcaas-vit-b6-b12-tabs-hsn_1.jpg,2026-10-06,,,40.0,False,,4.7,300.0,https://www.hsnstore.com/marcas/sport-series/evo-2-1-1-bcaa-s-2-1-1-vitaminas-b6-y-b12,,,,
Evo 4:1:1 (BCAA's 4:1:1 + vitaminas B6 y B12),,BCAA,10.21,,,HSN,https://www.hsnstore.com/marcas/sport-series/evo-4-1-1-bcaa-s-4-1-1-vitaminas-b6-y-b12,https://www.hsnstore.com/media/catalog/product/cache/67ee89799642c567a71fc92f3699d937/e/v/evo-4-1-1-bcaas-gral-coated-tabs-front-hsn_1_1.webp,2026-10-06,,,120.0,False,,4.75,480.0,https://www.hsnstore.com/marcas/sport-series/evo-4-1-1-bcaa-s-4-1-1-vitaminas-b6-y-b12,,,,
BCAA 8:1:1 180 tabs,,BCAA,13.99,,,Prozis,https://www.prozis.com/es/es/prozis/bcaa-811-180-tabs,//static.sscontent.com/thumb/750/750/t/products/124/v1560945_prozis_bcaa-811-180-tabs_1.png,2026-10-06,,,,,,4.64,9075.0,https://www.prozis.com/es/es/prozis/bcaa-811-180-tabs,,,,
BCAA + Glutamine 30 servings,,BCAA,14.99,,,Prozis,https://www.prozis.com/es/es/prozis/bcaa-glutamine-30-servings,//static.sscontent.com/thumb/750/750/t/products/124/v1194731_prozis_bcaa--glutamine-30-servings_mango-and-peach_flavor_21.png,2026-10-06,,,,,"['Mango y Melocotón', 'Neutro']",4.74,2761.0,https://www.prozis.com/es/es/prozis/bcaa-glutamine-30-servings,,,,
BCAA 2:1:1 200 tabs,,BCAA,13.49,,,Prozis,https://www.prozis.com/es/es/prozis/bcaa-211-200-tabs,//static.sscontent.com/thumb/750/750/t/products/124/v1839999_prozis_bcaa-211-200-tabs_1.png,2026-10-06,,,,,,4.54,13897.0,https://www.prozis.com/es/es/prozis/bcaa-211-200-tabs,,,,
Amino Prime Caffeine Free 20 Servings,,BCAA,14.39,,,Prozis,https://www.prozis.com/es/es/prozis/amino-prime-caffeine-free-20-servings,//static.sscontent.com/thumb/750/750/t/products/124/v1116237_prozis_amino-prime-caffeine-free-20-servings_1.png,2026-10-06,,,,,"['Neutro', 'Limón']",4.66,378.0,https://www.prozis.com/es/es/prozis/amino-prime-caffeine-free-20-servings,,,,
Amino Recovery 20 servings,,BCAA,14.99,,,Prozis,https://www.prozis.com/es/es/prozis/amino-recovery-20-servings,//static.sscontent.com/thumb/750/750/t/products/124/v1833287_prozis_amino-recovery-20-servings_fruit-fusion_flavor_21.png,2026-10-06,,,,,['Fusión de frutas'],4.69,653.0,https://www.prozis.com/es/es/prozis/amino-recovery-20-servings,,,,
BCAA 4:1:1 100 tabs,,BCAA,7.49,,,Prozis,https://www.prozis.com/es/es/prozis/bcaa-411-100-tabs,//static.sscontent.com/thumb/750/750/t/products/124/v1523664_prozis_bcaa-411-100-tabs_1.png,2026-10-06,,,,,,4.52,12210.0,https://www.prozis.com/es/es/prozis/bcaa-411-100-tabs,,,,
Amino Prime 20 servings,,BCAA,12.99,,,Prozis,https://www.prozis.com/es/es/prozis/amino-prime-20-servings,//static.sscontent.com/thumb/750/750/t/products/124/v1265459_prozis_amino-prime-20-servings_1.png,2026-10-06,,,,,['Limón'],4.53,308.0,https://www.prozis.com/es/es/prozis/amino-prime-20-servings,,,,
BCAA 8:1:1 360 tabs,,BCAA,26.24,,,Prozis,https://www.prozis.com/es/es/prozis/bcaa-811-360-tabs,//static.sscontent.com/thumb/750/750/t/products/124/v1548506_prozis_bcaa-811-360-tabs_1.png,2026-10-06,,,,,,4.64,9075.0,https://www.prozis.com/es/es/prozis/bcaa-811-360-tabs,,,,
BCAA 2:1:1 - 400 tabs,,BCAA,25.64,,,Prozis,https://www.prozis.com/es/es/prozis/bcaa-211-400-tabs,//static.sscontent.com/thumb/750/750/t/products/124/v1705805_prozis_bcaa-211-400-tabs_1.png,2026-10-06,,,,,,4.54,13897.0,https://www.prozis.com/es/es/prozis/bcaa-211-400-tabs,,,,
BCAA + Glutamine 60 servings,,BCAA,21.59,,,Prozis,https://www.prozis.com/es/es/prozis/bcaa-glutamine-60-servings,//static.sscontent.com/thumb/750/750/t/products/124/v1052262_prozis_bcaa--glutamine-60-servings_mango-and-peach_flavor_21.png,2026-10-06,,,,,"['Mango y Melocotón', 'Neutro']",4.74,2761.0,https://www.prozis.com/es/es/prozis/bcaa-glutamine-60-servings,,,,
BCAA Comprimidos,,BCAA,10.99,,,MyProtein,https://www.myprotein.es/p/nutricion-deportiva/bcaa-comprimidos/10529813/,https://main.thgimages.com?url=https://static.thcdn.com/productimg/original/10529813-6934860398789934.jpg&format=webp&width=1500&height=1500&fit=cover,2026-10-06,,,,,,4.56,78.0,https://www.myprotein.es/p/nutricion-deportiva/bcaa-comprimidos/10529813/,,True,,
Creatina monohidrato en polvo (200 mesh) 1kg,,Creatina,14.0,1.0,14.0,HSN,https://www.hsnstore.com/marcas/raw-series/creatina-monohidrato-en-polvo-200-mesh,https://www.hsnstore.com/media/catalog/product/c/r/creatine-monohydrate-200-mesh-gral-front-v5-hsn_1_1.webp,2026-10-06,,3.4,44.0,False,,4.75,9767.0,https://www.hsnstore.com/marcas/raw-series/creatina-monohidrato-en-polvo-200-mesh,,,,
Evocreatine 500g,,Creatina,9.99,0.5,19.98,HSN,https://www.hsnstore.com/marcas/sport-series/evocreatine,https://www.hsnstore.com/media/catalog/product/cache/67ee89799642c567a71fc92f3699d937/e/v/evocreatine-gral-front-hsn_1_1.webp,2026-10-06,,5.0,100.0,False,"['cola', 'fresa', 'lima-limón', 'mango', 'melocotón y limón', 'piruleta de cereza', 'tropical']",4.65,23.0,https://www.hsnstore.com/marcas/sport-series/evocreatine,,,,
Creatina 3000 mg 1 Kg,Hivital,Creatina,22.77,1.0,22.77,Hivital,https://www.awin1.com/cread.php?awinmid=20039&awinaffid=2845182&ued=https%3A%2F%2Fwww.hivital.com%2Fproducto%2Fcreatina%2F,https://www.hivital.com/wp-content/uploads/2025/02/Frontal-Creatina-800x800-JPG.jpg,2026-10-06,,,,,,,,,,,,
Creatine 3000 mg 1 Kg,Hivital Foods,Creatina,22.8,1.0,22.8,Nutritienda,https://www.nutritienda.com/es/hivital-foods/creatine-3000-mg-1-kg,https://imagedelivery.net/-uGyOE-KT6ZqyPmPyh8-iw/3b1b2efc-8264-499c-7c6b-f229491d0d00/public,2026-10-06,,,,,,,,,,,,
6th GEAR CREATINE COMPLEX 1135 g,Stacker 2,Creatina,27.9,1.135,24.58,Nutritienda,https://www.nutritienda.com/es/6th-gear-creatine-complex-1135g,https://imagedelivery.net/-uGyOE-KT6ZqyPmPyh8-iw/61b848bf-03dd-4281-f061-4de77d56de00/public,2026-10-06,,,,,,4.6,29.0,https://www.nutritienda.com/es/6th-gear-creatine-complex-1135g,,,,
GoldNutrition Creatine Power Mix - Creapure® Premium 1000g,Gold Nutrition,Creatina,25.25,1.0,25.25,Nutritienda,https://www.nutritienda.com/es/gold-nutrition-creatine-power-mix-1kg,https://imagedelivery.net/-uGyOE-KT6ZqyPmPyh8-iw/4c2188e0-cc23-4ae3-c702-22840ec35b00/public,2026-10-06,,,,,,4.7,93.0,https://www.nutritienda.com/es/gold-nutrition-creatine-power-mix-1kg,,,,
Cellbest Extreme 1.3 Kg,Vitobest,Creatina,33.12,1.3,25.48,Nutritienda,https://www.nutritienda.com/es/vitobest/cellbest-extreme-1300g,https://imagedelivery.net/-uGyOE-KT6ZqyPmPyh8-iw/aeae5112-3825-4ad3-1c53-dfd58e7dde00/public,2026-10-06,,,,,,,,,,,,
HSN Creatina Monohidrato Pura - Nutrición Deportiva 1kg,Hsn,Creatina,27.95,1.0,27.95,Nutritienda,https://www.nutritienda.com/es/hsn/creatine-monohydrate,https://imagedelivery.net/-uGyOE-KT6ZqyPmPyh8-iw/caefaa5a-8b02-41f1-818f-7d33be3a3700/public,2026-10-06,,,,,,,,,,,True,
Creatina Monohidrato en polvo 1kg,,Creatina,27.99,1.0,27.99,MyProtein,https://www.myprotein.es/p/nutricion-deportiva/creatina-monohidrato-en-polvo/10530050/,https://main.thgimages.com?url=https://static.thcdn.com/productimg/original/10530050-7665350770386190.jpg&format=webp&width=1500&height=1500&fit=cover,2026-10-06,,,,,"['Sin Sabor', 'Tropical', 'Frambuesa Azul', 'Berry Burst', 'Chupa Chups - Watermelon Lollipop']",4.68,382.0,https://www.myprotein.es/p/nutricion-deportiva/creatina-monohidrato-en-polvo/10530050/,,True,,
Gold Nutrition Creatine + Carbs 600g,Gold Nutrition,Creatina,17.99,0.6,29.98,Nutritienda,https://www.nutritienda.com/es/gold-nutrition/creatine-carbs-600g,https://imagedelivery.net/-uGyOE-KT6ZqyPmPyh8-iw/33989358-9a99-4333-7dfe-8eb97d12c700/public,2026-10-06,,,,,,,,,,,,
Creatina Celular 800g,Keepgoing,Creatina,26.96,0.8,33.7,Nutritienda,https://www.nutritienda.com/es/keepgoing/creatina-celular-800g,https://imagedelivery.net/-uGyOE-KT6ZqyPmPyh8-iw/f37b586e-3e6f-41b8-85c1-092d43f83800/public,2026-10-06,,,,,,4.2,17.0,https://www.nutritienda.com/es/keepgoing/creatina-celular-800g,,,,
Creatina Monohidrato Elite 1kg,,Creatina,35.99,1.0,35.99,MyProtein,https://www.myprotein.es/p/nutricion-deportiva/creatina-monohidrato-elite/10872819/,https://main.thgimages.com?url=https://static.thcdn.com/productimg/original/10872820-1245350489565166.jpg&format=webp&width=1500&height=1500&fit=cover,2026-10-06,,,,,,,,,,True,,
Nutrisport Creatina Monohidrato Lima-Limón | Rendimiento 200g,Nutrisport,Creatina,8.1,0.2,40.5,Nutritienda,https://www.nutritienda.com/es/nutrisport/creatina-monohidrato-200mesh-ultrafina-200g,https://imagedelivery.net/-uGyOE-KT6ZqyPmPyh8-iw/7b95bf28-d7d7-477a-e33a-7a2d0c28a500/public,2026-10-06,,,,,,5.0,1.0,https://www.nutritienda.com/es/nutrisport/creatina-monohidrato-200mesh-ultrafina-200g,,,,
CREATINA CELULAR 500g,Nutrisport,Creatina,20.61,0.5,41.22,Nutritienda,https://www.nutritienda.com/es/nutrisport-creatina-celular-500g,https://imagedelivery.net/-uGyOE-KT6ZqyPmPyh8-iw/f4a54b53-0e9a-402a-e798-f907e837c800/public,2026-10-06,,,,,,4.8,42.0,https://www.nutritienda.com/es/nutrisport-creatina-celular-500g,,,,
Sol Natural Creatina Monohidratada - Fuerza y Rendimiento 500g,Sol Natural,Creatina,20.75,0.5,41.5,Nutritienda,https://www.nutritienda.com/es/sol-natural/creatina-monohidratada-en-polvo-500g,https://imagedelivery.net/-uGyOE-KT6ZqyPmPyh8-iw/d54c9297-0909-455f-c9b7-ed76a3540e00/public,2026-10-06,,,,,,,,,,,,
Creatine Creapure Protein 500g,Nutrisport,Creatina,21.78,0.5,43.56,Nutritienda,https://www.nutritienda.com/es/nutrisport/creatine-creapure-protein-500g,https://imagedelivery.net/-uGyOE-KT6ZqyPmPyh8-iw/2a1de8a7-3e81-4282-9098-ef7a1088b900/public,2026-10-06,,,,,,,,,,,,
Creatina en polvo micronizada 500g,,Creatina,21.99,0.5,43.98,MyProtein,https://www.myprotein.es/p/nutricion-deportiva/creatina-en-polvo-micronizada/17902344/,https://main.thgimages.com?url=https://static.thcdn.com/productimg/original/17902345-1515361191127102.jpg&format=webp&width=1500&height=1500&fit=cover,2026-10-06,,,,,['Sin Sabor'],,,,,True,,
100% Whey Prime + Creatine 907g,,Creatina,43.19,0.907,47.62,Prozis,https://www.prozis.com/es/es/prozis/100-whey-prime-creatine-907g,//static.sscontent.com/thumb/750/750/t/products/124/v1747633_prozis_100-whey-prime--creatine-907g_1.png,2026-10-06,,,,,"['Barquillo de fresa', 'Brownie de chocolate', 'Caramelo salado', 'Chocolate', 'Chocolate belga', 'Chocolate blanco', 'Chocolate y avellanas', 'Fresa', 'Fresa y Plátano', 'Galletas y crema', 'Mango', 'Neutro', 'Vainilla']",4.92,64.0,https://www.prozis.com/es/es/prozis/100-whey-prime-creatine-907g,,,,
Nutrex Creatina Monohidrato 300g - Aumenta Fuerza y Masa,Nutrex,Creatina,14.9,0.3,49.67,Nutritienda,https://www.nutritienda.com/es/nutrex-creatine-drive-black-300-g,https://imagedelivery.net/-uGyOE-KT6ZqyPmPyh8-iw/3a598231-610f-444d-6620-d73e74826a00/public,2026-10-06,,,,,,4.7,10.0,https://www.nutritienda.com/es/nutrex-creatine-drive-black-300-g,,,,
Creatina Pure Creatine Flavor 300g- Fuerza y Resistencia,Quamtrax,Creatina,15.12,0.3,50.4,Nutritienda,https://www.nutritienda.com/es/quamtrax/pure-creatine-flavor-300g,https://imagedelivery.net/-uGyOE-KT6ZqyPmPyh8-iw/66fb0a96-b5d3-4995-07a9-a492b1f65a00/public,2026-10-06,,,,,,,,,,,,
Bavarian Elite Creatina Monohidrato 200 Mesh 500g,Bavarian Elite,Creatina,25.45,0.5,50.9,Nutritienda,https://www.nutritienda.com/es/bavarian-elite/creatine-pure-100-500g,https://imagedelivery.net/-uGyOE-KT6ZqyPmPyh8-iw/42063c42-2612-453f-9fc8-69fa311a6a00/public,2026-10-06,,,,,,4.6,29.0,https://www.nutritienda.com/es/bavarian-elite/creatine-pure-100-500g,,,,
Gold Nutrition Creatine + Collagen 200g 200g,Gold Nutrition,Creatina,10.4,0.2,52.0,Nutritienda,https://www.nutritienda.com/es/gold-nutrition/creatine-collagen-200g,https://imagedelivery.net/-uGyOE-KT6ZqyPmPyh8-iw/f8fa9eda-0adb-4c0b-acc4-41f2f4d4f100/public,2026-10-06,,,,,,,,,,,,
Creatine Monohydrate Powder 500 g,Vitobest,Creatina,26.19,0.5,52.38,Nutritienda,https://www.nutritienda.com/es/vitobest/creatine-monohydrate-powder-500g,https://imagedelivery.net/-uGyOE-KT6ZqyPmPyh8-iw/f8002bb7-a349-4869-a378-d106c5d42800/public,2026-10-06,,,,,,4.7,7.0,https://www.nutritienda.com/es/vitobest/creatine-monohydrate-powder-500g,,,,
Creatina Excell (100% Creapure®) en polvo 1kg,,Creatina,53.31,1.0,53.31,HSN,https://www.hsnstore.com/marcas/raw-series/creatina-excell-100-creapure-en-polvo,https://www.hsnstore.com/media/catalog/product/c/r/creatine-creapure-excell-powder-hsn_1.jpg,2026-10-06,,3.4,147.0,False,,4.75,6864.0,https://www.hsnstore.com/marcas/raw-series/creatina-excell-100-creapure-en-polvo,,,,
Sport Live Creatina Monohidrato 100% 80 MESH 300g,Drasanvi,Creatina,16.25,0.3,54.17,Nutritienda,https://www.nutritienda.com/es/drasanvi/creatina-monohidrato-100-80-mesh-300g,https://imagedelivery.net/-uGyOE-KT6ZqyPmPyh8-iw/4ceecb7f-c4ea-432b-32da-8c963ee82800/public,2026-10-06,,,,,,,,,,,,
Creatine Monohydrate 300g,Vitobest,Creatina,16.38,0.3,54.6,Nutritienda,https://www.nutritienda.com/es/vitobest/creatine-monohydrate-300g,https://imagedelivery.net/-uGyOE-KT6ZqyPmPyh8-iw/2011fd93-cbce-4bdc-6886-13f7950d5600/public,2026-10-06,,,,,,,,,,,,
CREATINE MONOHYDRATE POWDER 550g,Olimp,Creatina,30.9,0.55,56.18,Nutritienda,https://www.nutritienda.com/es/olimp-creatine-monohydrate-powder-550g,https://imagedelivery.net/-uGyOE-KT6ZqyPmPyh8-iw/59b7ce94-587c-46e5-d3ad-6fdca4243700/public,2026-10-06,,,,,,4.8,5.0,https://www.nutritienda.com/es/olimp-creatine-monohydrate-powder-550g,,,,
CREA-BOMB 660 g,Scitec,Creatina,37.9,0.66,57.42,Nutritienda,https://www.nutritienda.com/es/scitec-nutrition-crea-bomb-660-g,https://imagedelivery.net/-uGyOE-KT6ZqyPmPyh8-iw/51fd10e7-16f5-470b-0e36-94a557fb6400/public,2026-10-06,,,,,,4.3,72.0,https://www.nutritienda.com/es/scitec-nutrition-crea-bomb-660-g,,,,
Creatine Cor-Performance 203g,Cellucor,Creatina,11.9,0.203,58.62,Nutritienda,https://www.nutritienda.com/es/cellucor/creatine-cor-performance-203g,https://imagedelivery.net/-uGyOE-KT6ZqyPmPyh8-iw/d69360ba-6819-4608-b9d3-2b81f130a900/public,2026-10-06,,,,,,,,,,,,
Pure Creatine 300g,Bigman,Creatina,17.91,0.3,59.7,Nutritienda,https://www.nutritienda.com/es/bigman/pure-creatine-300g,https://imagedelivery.net/-uGyOE-KT6ZqyPmPyh8-iw/8168a240-9842-41a1-d859-2d27cc583200/public,2026-10-06,,,,,,,,,,,,
Monohidrato de creatina en polvo - Chupa Chups de sandía 250g,,Creatina,14.99,0.25,59.96,MyProtein,https://www.myprotein.es/p/nutricion-deportiva/monohidrato-de-creatina-en-polvo-chupa-chups-de-sandia/17526822/,https://main.thgimages.com?url=https://static.thcdn.com/productimg/original/17526823-1475290420730151.png&format=webp&width=1500&height=1500&fit=cover,2026-10-06,,,,,,,,,,True,,
CREATINA 306g,Cellucor,Creatina,18.95,0.306,61.93,Nutritienda,https://www.nutritienda.com/es/cellucor/creatina-monohidrato-cor-performance,https://imagedelivery.net/-uGyOE-KT6ZqyPmPyh8-iw/61db811e-14d4-43b9-6ddb-740502488d00/public,2026-10-06,,,,,,4.8,6.0,https://www.nutritienda.com/es/cellucor/creatina-monohidrato-cor-performance,,,,
Amix Creatina Crea-Trix 824g | Rendimiento Deportivo,Amix Nutrition,Creatina,51.26,0.824,62.21,Nutritienda,https://www.nutritienda.com/es/crea-trix-824g,https://imagedelivery.net/-uGyOE-KT6ZqyPmPyh8-iw/460d8ebb-707f-4b55-f4bf-1409f03aaf00/public,2026-10-06,,,,,,4.5,34.0,https://www.nutritienda.com/es/crea-trix-824g,,,,
Creatina Creapure 400g,Amazin' Foods,Creatina,24.9,0.4,62.25,Nutritienda,https://www.nutritienda.com/es/amazin-foods/creatina-creapure-400g,https://imagedelivery.net/-uGyOE-KT6ZqyPmPyh8-iw/d4e42fce-c2f1-4af9-7bc2-57c8db370600/public,2026-10-06,,,,,,4.7,294.0,https://www.nutritienda.com/es/amazin-foods/creatina-creapure-400g,,,True,
Micronized Creatine Monohydrate 300g,Weider,Creatina,18.98,0.3,63.27,Nutritienda,https://www.nutritienda.com/es/weider/micronized-creatine-monohydrate-300g,https://imagedelivery.net/-uGyOE-KT6ZqyPmPyh8-iw/319440c5-b487-438b-6fee-2ed159d7a200/public,2026-10-06,,,,,,,,,,,True,
CREATINA MONOHIDRATO CREAPURE - Creatina sin gluten 500g,Dymatize,Creatina,31.95,0.5,63.9,Nutritienda,https://www.nutritienda.com/es/dymatize/creatina-monohidrato-creapure,https://imagedelivery.net/-uGyOE-KT6ZqyPmPyh8-iw/b6d4e018-91e8-44a7-9d21-a9c4ce268a00/public,2026-10-06,,,,,,4.8,135.0,https://www.nutritienda.com/es/dymatize/creatina-monohidrato-creapure,,,,
Creatina HCL 500g,,Creatina,31.99,0.5,63.98,MyProtein,https://www.myprotein.es/p/nutricion-deportiva/creatina-hcl/17169974/,https://main.thgimages.com?url=https://static.thcdn.com/productimg/original/17169976-2715270692380456.jpg&format=webp&width=1500&height=1500&fit=cover,2026-10-06,,,,,,,,,,True,,
Creatine 200 Mesh AstraGin Neutra 310g,Weider,Creatina,19.94,0.31,64.32,Nutritienda,https://www.nutritienda.com/es/weider/creatine-200-mesh-astragin-neutra-310g,https://imagedelivery.net/-uGyOE-KT6ZqyPmPyh8-iw/174a6e17-5e26-42de-0852-3eb9f4314d00/public,2026-10-06,,,,,,,,,,,,
Monohidrato de Creatina 600 g,,Creatina,38.66,0.6,64.43,Prozis,https://www.prozis.com/es/es/prozis/monohidrato-de-creatina-600-g,//static.sscontent.com/thumb/750/750/t/products/124/v1729534_prozis_creatine-monohydrate-600g_1.png,2026-10-06,,,,,"['Neutro', 'Cola', 'Lima-Limón', 'Mango y Melocotón', 'Naranja', 'Sandía']",4.7,33237.0,https://www.prozis.com/es/es/prozis/monohidrato-de-creatina-600-g,,,,
Beverly Creatina Monohidrato 100% 300g | Máximo Rendimiento,Beverly Nutrition,Creatina,19.34,0.3,64.47,Nutritienda,https://www.nutritienda.com/es/beverly-nutrition/creatine-100-monohydrate-3000-mg-300g,https://imagedelivery.net/-uGyOE-KT6ZqyPmPyh8-iw/adb2bfa9-a5f8-4e73-7cfa-46f2e1688900/public,2026-10-06,,,,,,,,,,,,
"Vitobest Creatina Premium Crystal Pure 500g - Pureza 99,9%",Vitobest,Creatina,33.3,0.5,66.6,Nutritienda,https://www.nutritienda.com/es/vitobest/creatina-premium-crystal-pure-500g,https://imagedelivery.net/-uGyOE-KT6ZqyPmPyh8-iw/46329474-e2d6-454b-a1b7-09d8d6bb7d00/public,2026-10-06,,,,,,,,,,,,
GoldNutrition 100% Creatina Monohidrato - Potencia Pura 200g,Gold Nutrition,Creatina,13.49,0.2,67.45,Nutritienda,https://www.nutritienda.com/es/gold-nutrition/creatine-monohydrate-200g,https://imagedelivery.net/-uGyOE-KT6ZqyPmPyh8-iw/09a243b9-4aac-433d-7031-b751c429bc00/public,2026-10-06,,,,,,,,,,,,
Gold Nutrition Creatine + Electrolytes 200g - Rendimiento,Gold Nutrition,Creatina,13.49,0.2,67.45,Nutritienda,https://www.nutritienda.com/es/gold-nutrition/creatine-electrolytes-200g,https://imagedelivery.net/-uGyOE-KT6ZqyPmPyh8-iw/1fe09c81-4e19-4865-6611-6196c2f60100/public,2026-10-06,,,,,,,,,,,,
Creatina GlycoFusion 300 g,,Creatina,20.79,0.3,69.3,Prozis,https://www.prozis.com/es/es/prozis/creatina-glycofusion-300-g,//static.sscontent.com/thumb/750/750/t/products/124/v1825767_prozis_creatine-glycofusion-300g_1.png,2026-10-06,,,,,['Limonada rosa'],4.64,873.0,https://www.prozis.com/es/es/prozis/creatina-glycofusion-300-g,,,,
Creatina Competition 600g,Mega Plus,Creatina,42.8,0.6,71.33,Nutritienda,https://www.nutritienda.com/es/mega-plus/creatina-competition-600g,https://imagedelivery.net/-uGyOE-KT6ZqyPmPyh8-iw/07d76915-e3ce-4c93-866a-cc13cb5f7300/public,2026-10-06,,,,,,4.4,10.0,https://www.nutritienda.com/es/mega-plus/creatina-competition-600g,,,,
Micronized Creatine Powder 317g → Optimum Nutrition | Nutritienda,Optimum Nutrition,Creatina,22.9,0.317,72.24,Nutritienda,https://www.nutritienda.com/es/optimum-nutrition/micronized-creatine-powder,https://imagedelivery.net/-uGyOE-KT6ZqyPmPyh8-iw/d9775ead-2a36-4e81-9e3b-fa722bf44800/public,2026-10-06,,,,,,4.7,334.0,https://www.nutritienda.com/es/optimum-nutrition/micronized-creatine-powder,,,,
100% Creatina Creapure 250 g,Best Protein,Creatina,18.5,0.25,74.0,Nutritienda,https://www.nutritienda.com/es/best-protein/100-creatina-creapure-250-g,https://imagedelivery.net/-uGyOE-KT6ZqyPmPyh8-iw/8c749d48-81d1-4572-3e6e-bd0dc5a92000/public,2026-10-06,,,,,,,,,,,,
Bavarian Elite Creatina Clonapure 500g | Máxima Absorción,Bavarian Elite,Creatina,37.2,0.5,74.4,Nutritienda,https://www.nutritienda.com/es/bavarian-elite/creatina-creapure-neutra-500g,https://imagedelivery.net/-uGyOE-KT6ZqyPmPyh8-iw/a0810a61-ae39-43fc-299a-189951d3b100/public,2026-10-06,,,,,,,,,,,,
BioTechUSA 100% Monohidrato Creatina 300g | Fuerza +20%,Biotech Usa,Creatina,22.41,0.3,74.7,Nutritienda,https://www.nutritienda.com/es/biotech-usa/100-creatine-monohydrate-sabores-300g,https://imagedelivery.net/-uGyOE-KT6ZqyPmPyh8-iw/8bdfa06a-1271-49da-028e-cceda4e61900/public,2026-10-06,,,,,,,,,,,,
Premium Creatine 100% Creapure 375g,Weider,Creatina,28.41,0.375,75.76,Nutritienda,https://www.nutritienda.com/es/weider/premium-creatine-100-creapure-375g,https://imagedelivery.net/-uGyOE-KT6ZqyPmPyh8-iw/4ab3f523-ea8c-4b52-0dd9-c283aea9cc00/public,2026-10-06,,,,,,,,,,,True,
Amix Creatina Monohidrato Drink 360g | Rendimiento Físico,Amix Nutrition,Creatina,27.37,0.36,76.03,Nutritienda,https://www.nutritienda.com/es/amix-nutrition/creatine-monohydrate-drink-360g,https://imagedelivery.net/-uGyOE-KT6ZqyPmPyh8-iw/8540e45e-96d3-4c76-eab1-af7d9ed0a100/public,2026-10-06,,,,,,,,,,,,
Gold Nutrition Creatina + BCAA 200g - Fuerza y Recuperación,Gold Nutrition,Creatina,15.29,0.2,76.45,Nutritienda,https://www.nutritienda.com/es/gold-nutrition/creatina-bcaa-200g,https://imagedelivery.net/-uGyOE-KT6ZqyPmPyh8-iw/c88dc595-67d9-4485-4ed1-09177568c500/public,2026-10-06,,,,,,,,,,,,
Monohidrato de Creatina 300 g,,Creatina,23.19,0.3,77.3,Prozis,https://www.prozis.com/es/es/prozis/monohidrato-de-creatina-300-g,//static.sscontent.com/thumb/750/750/t/products/124/v1799398_prozis_creatine-monohydrate-300g_1.png,2026-10-06,,,,,"['Neutro', 'Cola', 'Lima-Limón', 'Mango y Melocotón', 'Naranja', 'Sandía']",4.7,33238.0,https://www.prozis.com/es/es/prozis/monohidrato-de-creatina-300-g,,,,
Gold Nutrition Creatina Creapure - Máximo Rendimiento 280g,Gold Nutrition,Creatina,21.86,0.28,78.07,Nutritienda,https://www.nutritienda.com/es/gold-nutrition/creatina-monohidrato-creapure-280g,https://imagedelivery.net/-uGyOE-KT6ZqyPmPyh8-iw/fd6ab20c-bfb0-424c-43e2-d63a8a5a8c00/public,2026-10-06,,,,,,4.6,7.0,https://www.nutritienda.com/es/gold-nutrition/creatina-monohidrato-creapure-280g,,,,
CREATINA 20 x 10g,Nutrisport,Creatina,15.84,0.2,79.2,Nutritienda,https://www.nutritienda.com/es/nutrisport-creatina-100-20x5g,https://imagedelivery.net/-uGyOE-KT6ZqyPmPyh8-iw/a13df299-3fc4-496c-81a1-982148b8af00/public,2026-10-06,,,,,,4.3,7.0,https://www.nutritienda.com/es/nutrisport-creatina-100-20x5g,,,,
Creatina MicronPure 600g,,Creatina,47.77,0.6,79.62,Prozis,https://www.prozis.com/es/es/prozis/creatina-micronpure-600g,//static.sscontent.com/thumb/750/750/t/products/124/v1699030_prozis_creatine-micronpure-600g_lemon-lime_flavor_21.png,2026-10-06,,,,,"['Neutro', 'Cola', 'Lima-Limón', 'Mango y Melocotón', 'Naranja', 'Sandía']",4.7,5837.0,https://www.prozis.com/es/es/prozis/creatina-micronpure-600g,,,,
Creatine Monohidratada Micronized 500g → Biotech USA | Nutritienda,Biotech Usa,Creatina,39.9,0.5,79.8,Nutritienda,https://www.nutritienda.com/es/biotech-usa/100-creatina-monohidrato-micronizada,https://imagedelivery.net/-uGyOE-KT6ZqyPmPyh8-iw/a8d5989e-8710-4c8f-c6d4-d13d5a2b4700/public,2026-10-06,,,,,,4.6,174.0,https://www.nutritienda.com/es/biotech-usa/100-creatina-monohidrato-micronizada,,,,
Zero Creatine 300 g,,Creatina,24.11,0.3,80.37,Prozis,https://www.prozis.com/es/es/prozis/zero-creatine-300-g,//static.sscontent.com/thumb/750/750/t/products/124/v1728564_prozis_zero-creatine-300-g_1.png,2026-10-06,,,,,"['Lima-limón', 'Naranja', 'Sandía']",4.72,2951.0,https://www.prozis.com/es/es/prozis/zero-creatine-300-g,,,,
Creatine Monohydrate Creapure 200g,Vitobest,Creatina,16.56,0.2,82.8,Nutritienda,https://www.nutritienda.com/es/vitobest/creatine-monohydrate-creapure-200g,https://imagedelivery.net/-uGyOE-KT6ZqyPmPyh8-iw/043471ff-e791-4999-d0d4-a29edf939700/public,2026-10-06,,,,,,,,,,,True,
Scitec Tri-Creatina Malato | Suplemento Rendimiento 300g,Scitec,Creatina,24.9,0.3,83.0,Nutritienda,https://www.nutritienda.com/es/scitec/tri-creatina-malato-300g,https://imagedelivery.net/-uGyOE-KT6ZqyPmPyh8-iw/68d1efae-fb6d-4c9e-eb2b-15d0d54dc400/public,2026-10-06,,,,,,,,,,,,
BioTechUSA Creatina Monohidrato 300g Yuzu | Comprar,Biotech Usa,Creatina,26.01,0.3,86.7,Nutritienda,https://www.nutritienda.com/es/biotech-usa/100-creatine-monohydrate-yuzu-300g,https://imagedelivery.net/-uGyOE-KT6ZqyPmPyh8-iw/33125177-c0ea-4f89-f3f5-0f51bf7ed700/public,2026-10-06,,,,,,,,,,,,
226ERS Creatina Monohidrato 300g | Rendimiento Deportivo,226ers,Creatina,26.1,0.3,87.0,Nutritienda,https://www.nutritienda.com/es/226ers-creatina-300g,https://imagedelivery.net/-uGyOE-KT6ZqyPmPyh8-iw/a8465fd0-ce5d-4101-620b-48ff64da5200/public,2026-10-06,,,,,,4.8,13.0,https://www.nutritienda.com/es/226ers-creatina-300g,,,,
Creatine Clonapure 200g,Vitobest,Creatina,17.64,0.2,88.2,Nutritienda,https://www.nutritienda.com/es/vitobest/creatine-clonapure,https://imagedelivery.net/-uGyOE-KT6ZqyPmPyh8-iw/72ac8c25-2322-4514-ac9c-5f57bb724600/public,2026-10-06,,,,,,5.0,25.0,https://www.nutritienda.com/es/vitobest/creatine-clonapure,,,,
Creatina 300g,Infisport,Creatina,26.91,0.3,89.7,Nutritienda,https://www.nutritienda.com/es/infisport/creatina-monohidrato-creapure-300g,https://imagedelivery.net/-uGyOE-KT6ZqyPmPyh8-iw/0f6e76bd-2c68-4d33-bbe7-f3dac9888b00/public,2026-10-06,,,,,,4.8,44.0,https://www.nutritienda.com/es/infisport/creatina-monohidrato-creapure-300g,,,,
Finisher Creatine 300g,Finisher,Creatina,26.91,0.3,89.7,Nutritienda,https://www.nutritienda.com/es/finisher/finisher-creatine-300g,https://imagedelivery.net/-uGyOE-KT6ZqyPmPyh8-iw/ee2235f2-b305-4583-7fb2-d3f770595e00/public,2026-10-06,,,,,,,,,,,,
Creatina MicronPure 300 g,,Creatina,27.29,0.3,90.97,Prozis,https://www.prozis.com/es/es/prozis/creatina-micronpure-300-g,//static.sscontent.com/thumb/750/750/t/products/124/v1698735_prozis_creatine-micronpure-300g_1.png,2026-10-06,,,,,"['Neutro', 'Cola', 'Lima-Limón', 'Mango y Melocotón', 'Naranja', 'Sandía']",4.7,5837.0,https://www.prozis.com/es/es/prozis/creatina-micronpure-300-g,,,,
Pack Regalo Creatine Monohydrate 300g + Probio Forte 30 Caps - Amix,Amix Nutrition,Creatina,27.37,0.3,91.23,Nutritienda,https://www.nutritienda.com/es/amix-nutrition/pack-regalo-creatine-monohydrate-300g-probio-forte-30-caps,https://imagedelivery.net/-uGyOE-KT6ZqyPmPyh8-iw/9aa856d8-1e0c-4933-4a91-c2c72d1a6900/public,2026-10-06,,,,,,,,,,,True,
Creatina Creapure® 300 g,,Creatina,27.99,0.3,93.3,Prozis,https://www.prozis.com/es/es/prozis/creatina-creapure-300-g,//static.sscontent.com/thumb/750/750/t/products/124/v1790822_prozis_creatine-creapure-300g_1.png,2026-10-06,,,,,"['Neutro', 'Cola', 'Fruta de la Pasión', 'Lima-Limón', 'Naranja', 'Ponche de frutas', 'Sandía', 'Té helado de melocotón']",4.75,20584.0,https://www.prozis.com/es/es/prozis/creatina-creapure-300-g,,,,
Creamap Gfs Sabor Naranja 200g,Vitobest,Creatina,18.95,0.2,94.75,Nutritienda,https://www.nutritienda.com/es/vitobest/creamap-gfs-sabor-naranja-200g,https://imagedelivery.net/-uGyOE-KT6ZqyPmPyh8-iw/f5f7ee99-c6da-4fc4-b581-e936d3d5d600/public,2026-10-06,,,,,,,,,,,,
THE Creatine Creapure® 1kg,,Creatina,94.99,1.0,94.99,MyProtein,https://www.myprotein.es/p/nutricion-deportiva/the-creatine-creapure/10529740/,https://main.thgimages.com?url=https://static.thcdn.com/productimg/original/10529742-3985240052191811.jpg&format=webp&width=1500&height=1500&fit=cover,2026-10-06,,,,,"['Sin Sabor', 'Frambuesa Azul']",4.7,170.0,https://www.myprotein.es/p/nutricion-deportiva/the-creatine-creapure/10529740/,,True,,
Creatine 100% Creapure 300g,Beverly Nutrition,Creatina,29.66,0.3,98.87,Nutritienda,https://www.nutritienda.com/es/beverly-nutrition/creatine-100-creapure-300g,https://imagedelivery.net/-uGyOE-KT6ZqyPmPyh8-iw/365a491d-1554-4fd0-47dc-6f5d638d8800/public,2026-10-06,,,,,,,,,,,,
Platinum Creatine Plus 350g,Optimum Nutrition,Creatina,35.9,0.35,102.57,Nutritienda,https://www.nutritienda.com/es/optimum-nutrition/platinum-creatine-plus-350g,https://imagedelivery.net/-uGyOE-KT6ZqyPmPyh8-iw/b13e4216-383b-4710-b261-b99431e0fb00/public,2026-10-06,,,,,,,,,,,,
Creatina CN 400 400g,Nutrisport,Creatina,41.4,0.4,103.5,Nutritienda,https://www.nutritienda.com/es/nutrisport/creatina-monohidrato-cn-creapure-400g,https://imagedelivery.net/-uGyOE-KT6ZqyPmPyh8-iw/a826dc81-6bbd-46d0-d2f7-b8b432e21a00/public,2026-10-06,,,,,,4.9,12.0,https://www.nutritienda.com/es/nutrisport/creatina-monohidrato-cn-creapure-400g,,,,
Zero Creatine 150 g,,Creatina,15.59,0.15,103.93,Prozis,https://www.prozis.com/es/es/prozis/zero-creatine-150-g,//static.sscontent.com/thumb/750/750/t/products/124/v1727036_prozis_zero-creatine-150g_1.png,2026-10-06,,,,,"['Lima-limón', 'Naranja', 'Sandía']",4.72,2951.0,https://www.prozis.com/es/es/prozis/zero-creatine-150-g,,,,
226ERS Creatina Creapure® 300g - 100% Monohidrato Pura,226ers,Creatina,31.5,0.3,105.0,Nutritienda,https://www.nutritienda.com/es/226ers/creatina-creapure-300g,https://imagedelivery.net/-uGyOE-KT6ZqyPmPyh8-iw/83a9eb01-f93c-44a3-1fca-4a343167c300/public,2026-10-06,,,,,,,,,,,True,
Pack Regalo Cellup Oxystorm 348g + Creatina 30 Caps,Amix Nutrition,Creatina,39.53,0.348,113.59,Nutritienda,https://www.nutritienda.com/es/amix-nutrition/pack-regalo-cellup-oxystorm-348g-creatina-30-capsulas,https://imagedelivery.net/-uGyOE-KT6ZqyPmPyh8-iw/fceed391-6a11-4abb-e7f4-173accf75a00/public,2026-10-06,,,,,,,,,,,,
Crea Extreme Tank 300g,Beverly Nutrition,Creatina,38.7,0.3,129.0,Nutritienda,https://www.nutritienda.com/es/beverly-nutrition/crea-extreme-tank,https://imagedelivery.net/-uGyOE-KT6ZqyPmPyh8-iw/b53e35cc-b399-48a2-0f4f-55a85c44ac00/public,2026-10-06,,,,,,4.8,8.0,https://www.nutritienda.com/es/beverly-nutrition/crea-extreme-tank,,,,
Amix Creatina Monohidrato Micronizada 300g | Rendimiento,Amix Nutrition,Creatina,45.82,0.3,152.73,Nutritienda,https://www.nutritienda.com/es/amix-nutrition/creatine-monohydrate,https://imagedelivery.net/-uGyOE-KT6ZqyPmPyh8-iw/8fb8d81e-da9d-43df-c9e7-7d6fdf89db00/public,2026-10-06,,,,,,4.7,349.0,https://www.nutritienda.com/es/amix-nutrition/creatine-monohydrate,,,,
Creatina Creapure® Professional 150 g,,Creatina,28.59,0.15,190.6,Prozis,https://www.prozis.com/es/es/prozis/creatina-creapure-professional-150-g,//static.sscontent.com/thumb/750/750/t/products/124/v1474128_prozis_creatine-creapure-professional-150-g_natural_flavor_21.png,2026-10-06,,,,,['Neutro'],4.71,927.0,https://www.prozis.com/es/es/prozis/creatina-creapure-professional-150-g,,,,
Creatine Monohydrate Creapure 20 Sticks 3g,Nutrisport,Creatina,11.61,0.06,193.5,Nutritienda,https://www.nutritienda.com/es/nutrisport/creatine-monohydrate-creapure-20-sticks-3g,https://imagedelivery.net/-uGyOE-KT6ZqyPmPyh8-iw/05153395-1935-4ea6-aa39-a0002fadb400/public,2026-10-06,,,,,,,,,,,,
Pack Clear Performance 100g,,Creatina,44.99,0.1,449.9,MyProtein,https://www.myprotein.es/p/nutricion-deportiva/pack-clear-performance/15288056/,https://main.thgimages.com?url=https://static.thcdn.com/productimg/original/15288057-6865137745179242.jpg&format=webp&width=1500&height=1500&fit=cover,2026-10-06,,,,,"['Arándano y Frambuesa', 'Naranja y  Mango', 'Frambuesa y Limonada', 'Té de Melocotón']",,,,,True,,
"Myprotein, Impact Creatine Stick Packs, 6g (Boxes) 10g",,Creatina,16.99,0.01,1699.0,MyProtein,https://www.myprotein.es/p/nutricion-deportiva/myprotein-impact-creatine-stick-packs-6g-boxes/16445074/,https://main.thgimages.com?url=https://static.thcdn.com/productimg/original/16445080-7935286542009388.png&format=webp&width=1500&height=1500&fit=cover,2026-10-06,,,,,"['Baya', 'Sin Sabor']",,,,,True,,
THE Creatine (Creapure) |Sobres monodosis 10g,,Creatina,19.99,0.01,1999.0,MyProtein,https://www.myprotein.es/p/nutricion-deportiva/the-creatine-creapure-sobres-monodosis/16630358/,https://main.thgimages.com?url=https://static.thcdn.com/productimg/original/16630365-6065271206670603.jpg&format=webp&width=1500&height=1500&fit=cover,2026-10-06,,,,,,,,,,True,,
Creatine Chewables 2500 mg 60 Ch.Tabs 60ch.tabs,Amix Performance,Creatina,23.72,,,Nutritienda,https://www.nutritienda.com/es/amix-performance/creatine-chewables-2500-mg-60-tabletas-masticables,https://imagedelivery.net/-uGyOE-KT6ZqyPmPyh8-iw/9335385d-f1b2-4fb6-823f-8874cb833800/public,2026-10-06,,,,,,,,,,,,
Vitobest Creatine Gummies 50 Unidades -  Creatina en Gominolas 50ud,Vitobest,Creatina,16.2,,,Nutritienda,https://www.nutritienda.com/es/vitobest/creatine-gummies-50-unidades,https://imagedelivery.net/-uGyOE-KT6ZqyPmPyh8-iw/f1796d26-4573-4df1-b35b-9be93b314800/public,2026-10-06,,,,,,,,,,,,
Creatine Zero Effervescent 16 Tabs 16tabs,Biotech Usa,Creatina,7.5,,,Nutritienda,https://www.nutritienda.com/es/biotech-usa/creatine-zero-effervescent-16-tabs,https://imagedelivery.net/-uGyOE-KT6ZqyPmPyh8-iw/b3eed083-39c2-4460-333a-8a7fef6a3200/public,2026-10-06,,,,,,4.9,34.0,https://www.nutritienda.com/es/biotech-usa/creatine-zero-effervescent-16-tabs,,,,
Creatine 220 VCaps 220vcaps,Quamtrax,Creatina,17.2,,,Nutritienda,https://www.nutritienda.com/es/quamtrax/creatine-220-capsulas-vegetales,https://imagedelivery.net/-uGyOE-KT6ZqyPmPyh8-iw/01855d78-fa54-42b0-f85a-e7c89b571100/public,2026-10-06,,,,,,,,,,,,
Kre-Alkalyn 120 VCaps 120vcaps,Amazin' Foods,Creatina,18.99,,,Nutritienda,https://www.nutritienda.com/es/amazin-foods/kre-alkalyn-120-capsulas-vegetales,https://imagedelivery.net/-uGyOE-KT6ZqyPmPyh8-iw/ef66cd82-c5fb-40ba-c14b-ff31ad5d8a00/public,2026-10-06,,,,,,4.7,27.0,https://www.nutritienda.com/es/amazin-foods/kre-alkalyn-120-capsulas-vegetales,,,,
Amix Creatina Monohidrato 220 cápsulas | Rendimiento 220caps,Amix Nutrition,Creatina,34.77,,,Nutritienda,https://www.nutritienda.com/es/amix-nutrition-creatina-monohidrato-220-caps,https://imagedelivery.net/-uGyOE-KT6ZqyPmPyh8-iw/64797196-387a-4c9d-0752-cb522a1a5900/public,2026-10-06,,,,,,4.6,33.0,https://www.nutritienda.com/es/amix-nutrition-creatina-monohidrato-220-caps,,,,
Amix Creatina Masticable 2500mg Creapure Black Line 60ch.tabs,Amix Nutrition,Creatina,23.72,,,Nutritienda,https://www.nutritienda.com/es/amix-nutrition/creatine-chewables-2500-mg-60-tabletas-masticables,https://imagedelivery.net/-uGyOE-KT6ZqyPmPyh8-iw/c4b99ca7-e1c3-447a-81cd-4ebb64901d00/public,2026-10-06,,,,,,,,,,,,
Amix Creatina Kre-Alkalyn 120+30 cápsulas 150caps,Amix Nutrition,Creatina,35.45,,,Nutritienda,https://www.nutritienda.com/es/amix-nutrition-kre-alkalyn-150-caps,https://imagedelivery.net/-uGyOE-KT6ZqyPmPyh8-iw/5c51f623-1c87-4858-6562-9d1ccb734d00/public,2026-10-06,,,,,,4.6,64.0,https://www.nutritienda.com/es/amix-nutrition-kre-alkalyn-150-caps,,,,
Amix Creatina Creapure® Cápsulas | Nutrición Deportiva 120vcaps,Amix Nutrition,Creatina,26.78,,,Nutritienda,https://www.nutritienda.com/es/amix-nutrition/black-line-creatine-creapure-capsules,https://imagedelivery.net/-uGyOE-KT6ZqyPmPyh8-iw/af3f7138-59ef-4422-fc38-9ccd0aba7700/public,2026-10-06,,,,,,,,,,,,
CreAge Creatina HCl 120 Cáps - MUSCLECORE | Rendimiento 120caps,Amix Nutrition,Creatina,25.08,,,Nutritienda,https://www.nutritienda.com/es/amix-nutrition-creage-creatine-hcl-120caps,https://imagedelivery.net/-uGyOE-KT6ZqyPmPyh8-iw/cbd7a4ae-79f9-4528-5bd0-dc80ff112300/public,2026-10-06,,,,,,4.5,51.0,https://www.nutritienda.com/es/amix-nutrition-creage-creatine-hcl-120caps,,,,
Musclecore Creatina MagnaPower 120 Cápsulas | Premium 120caps,Amix Nutrition,Creatina,28.48,,,Nutritienda,https://www.nutritienda.com/es/amix-nutrition-creatine-magnapower-120-caps,https://imagedelivery.net/-uGyOE-KT6ZqyPmPyh8-iw/cd9b0d33-7db3-40b6-5c04-a725d9982700/public,2026-10-06,,,,,,4.1,8.0,https://www.nutritienda.com/es/amix-nutrition-creatine-magnapower-120-caps,,,,
Amix Creatina CGT-3 200 cápsulas | Rendimiento deportivo 200caps,Amix Nutrition,Creatina,19.55,,,Nutritienda,https://www.nutritienda.com/es/amix-nutrition-cgt-3-200caps,https://imagedelivery.net/-uGyOE-KT6ZqyPmPyh8-iw/4a580839-7fe3-4568-76a6-25747c90e000/public,2026-10-06,,,,,,4.5,18.0,https://www.nutritienda.com/es/amix-nutrition-cgt-3-200caps,,,,
Mega Creatine Monohydrate 1320 120 Caps 120caps,Scitec,Creatina,29.9,,,Nutritienda,https://www.nutritienda.com/es/scitec/mega-creatine-monohydrate-1320-120-capsulas,https://imagedelivery.net/-uGyOE-KT6ZqyPmPyh8-iw/cc5adca5-9ca1-4194-b949-1297a78bf200/public,2026-10-06,,,,,,,,,,,,
Kre-Alkalyn 100 Caps 100caps,Vitobest,Creatina,32.22,,,Nutritienda,https://www.nutritienda.com/es/vitobest/kre-alkalyn-100-capsulas,https://imagedelivery.net/-uGyOE-KT6ZqyPmPyh8-iw/abd8aeef-0ae8-479e-de4b-a97d6ad23d00/public,2026-10-06,,,,,,4.5,2.0,https://www.nutritienda.com/es/vitobest/kre-alkalyn-100-capsulas,,,,
Creatina PH-X 90caps,Biotech Usa,Creatina,17.9,,,Nutritienda,https://www.nutritienda.com/es/biotech-usa/creatine-ph-x,https://imagedelivery.net/-uGyOE-KT6ZqyPmPyh8-iw/389273f4-073c-4a1c-6b6b-590567318a00/public,2026-10-06,,,,,,4.7,23.0,https://www.nutritienda.com/es/biotech-usa/creatine-ph-x,,,,
Crea Caps 250 Caps 250caps,Scitec,Creatina,26.5,,,Nutritienda,https://www.nutritienda.com/es/scitec/crea-caps-250-capsulas,https://imagedelivery.net/-uGyOE-KT6ZqyPmPyh8-iw/ae2915bf-8236-4015-5d3c-2ace9b3c0900/public,2026-10-06,,,,,,,,,,,,
CREATOR 120caps,Biotech Usa,Creatina,25.9,,,Nutritienda,https://www.nutritienda.com/es/biotech-usa/creator-120-caps,https://imagedelivery.net/-uGyOE-KT6ZqyPmPyh8-iw/90413790-1a7b-406b-1d93-a744f97d5a00/public,2026-10-06,,,,,,4.6,7.0,https://www.nutritienda.com/es/biotech-usa/creator-120-caps,,,,
BioTech USA Creatina Candy 240 Tabletas Masticables 240ch.tabs,Biotech Usa,Creatina,29.9,,,Nutritienda,https://www.nutritienda.com/es/biotech-usa/creatina-candy-240-tabletas-masticables,https://imagedelivery.net/-uGyOE-KT6ZqyPmPyh8-iw/cebc477d-be5e-4473-00db-36f9a1a5e300/public,2026-10-06,,,,,,,,,,,,
Universal Nutrition Creatina Animal Masticables 120ch.tabs,Universal Nutrition,Creatina,31.95,,,Nutritienda,https://www.nutritienda.com/es/universal-nutrition/animal-creatine-chews-120-tabletas-masticables,https://imagedelivery.net/-uGyOE-KT6ZqyPmPyh8-iw/6a5f6d16-5e2b-4d60-6ccf-78f35fded900/public,2026-10-06,,,,,,,,,,,,
Creatine Competition 150 Tabs 150tabs,Mega Plus,Creatina,20.24,,,Nutritienda,https://www.nutritienda.com/es/mega-plus/creatine-competition-150-tabletas,https://imagedelivery.net/-uGyOE-KT6ZqyPmPyh8-iw/dc4cd062-9499-47e4-040c-40371f0f5400/public,2026-10-06,,,,,,,,,,,,
Gold Nutrition Creatina Creapure - Suplemento Premium 60tabs,Gold Nutrition,Creatina,13.49,,,Nutritienda,https://www.nutritienda.com/es/gold-nutrition/creatina-creapure-60-tabletas,https://imagedelivery.net/-uGyOE-KT6ZqyPmPyh8-iw/4f2bfb5b-03fe-4f5f-fb35-720574b9f200/public,2026-10-06,,,,,,4.6,41.0,https://www.nutritienda.com/es/gold-nutrition/creatina-creapure-60-tabletas,,,,
KR2 Creapure PH10  120 Caps 120caps,Starlabs Nutrition,Creatina,22.86,,,Nutritienda,https://www.nutritienda.com/es/starlabs-nutrition/kr2-creapure-ph10-120-capsulas,https://imagedelivery.net/-uGyOE-KT6ZqyPmPyh8-iw/fa78638c-66d6-456a-08ab-0f7d7bf56300/public,2026-10-06,,,,,,4.7,18.0,https://www.nutritienda.com/es/starlabs-nutrition/kr2-creapure-ph10-120-capsulas,,,,
Drasanvi Creatina Monohidrato 100% Pura 90 Tabs 90tabs,Drasanvi,Creatina,9.45,,,Nutritienda,https://www.nutritienda.com/es/drasanvi/creatina-monohidrato-100-pura-90-tabs,https://imagedelivery.net/-uGyOE-KT6ZqyPmPyh8-iw/139d3d56-88d0-4e57-528f-808200f9eb00/public,2026-10-06,,,,,,,,,,,,
KRE-ALKALYN 2500 - OLYMP SPORT NUTRITION 120caps,Olimp,Creatina,38.9,,,Nutritienda,https://www.nutritienda.com/es/olymp-kre-alkalyn-2500-120caps,https://imagedelivery.net/-uGyOE-KT6ZqyPmPyh8-iw/3a591bc5-1bae-4bb5-57f5-f8125b2e8900/public,2026-10-06,,,,,,4.3,19.0,https://www.nutritienda.com/es/olymp-kre-alkalyn-2500-120caps,,,,
CREATINE 1250 Mega Caps 120caps,Olimp,Creatina,14.45,,,Nutritienda,https://www.nutritienda.com/es/olimp/creatine-1250-mega-caps,https://imagedelivery.net/-uGyOE-KT6ZqyPmPyh8-iw/dc65bc4d-198b-4be9-462e-39d7dd557700/public,2026-10-06,,,,,,4.5,52.0,https://www.nutritienda.com/es/olimp/creatine-1250-mega-caps,,,,
Creatine Monohydrate Tablets 180 Tabs 180tabs,Optimum Nutrition,Creatina,20.99,,,Nutritienda,https://www.nutritienda.com/es/optimum-nutrition/creatine-monohydrate-tablets-180-tabs,https://imagedelivery.net/-uGyOE-KT6ZqyPmPyh8-iw/b509c2ff-44e7-43c0-1bc0-2f5c8ca83e00/public,2026-10-06,,,,,,,,,,,True,
Creatine HCL 120 Caps 120caps,Amix Pro,Creatina,24.57,,,Nutritienda,https://www.nutritienda.com/es/amix-pro/creatine-hcl-120-caps,https://imagedelivery.net/-uGyOE-KT6ZqyPmPyh8-iw/6e8d720f-c26f-4d18-a79d-43e43ec55e00/public,2026-10-06,,,,,,4.8,19.0,https://www.nutritienda.com/es/amix-pro/creatine-hcl-120-caps,,,True,
Evokalyn creatina alcalina,,Creatina,19.2,,,HSN,https://www.hsnstore.com/marcas/sport-series/evokalyn-creatina-alcalina,https://www.hsnstore.com/media/catalog/product/cache/67ee89799642c567a71fc92f3699d937/e/v/evokalyn-creatine-veg-caps-hsn_1.jpg,2026-10-06,,,120.0,False,,4.75,427.0,https://www.hsnstore.com/marcas/sport-series/evokalyn-creatina-alcalina,,,,
Creatina Excell 1000mg (100% Creapure®),,Creatina,15.21,,,HSN,https://www.hsnstore.com/marcas/essential-series/creatina-excell-1000mg-100-creapure,https://www.hsnstore.com/media/catalog/product/cache/67ee89799642c567a71fc92f3699d937/c/r/creatine-creapure-vcaps-hsn_1.jpg,2026-10-06,,,120.0,False,,4.8,531.0,https://www.hsnstore.com/marcas/essential-series/creatina-excell-1000mg-100-creapure,,,,
Creatina monohidrato (1000mg creatina),,Creatina,9.34,,,HSN,https://www.hsnstore.com/marcas/essential-series/creatina-monohidrato-1000mg-creatina,https://www.hsnstore.com/media/catalog/product/cache/67ee89799642c567a71fc92f3699d937/c/r/creatine-1000mg-gral-veg-caps-front-hsn_1_1.webp,2026-10-06,,,120.0,False,,4.75,194.0,https://www.hsnstore.com/marcas/essential-series/creatina-monohidrato-1000mg-creatina,,,,
Creatina Creapure® 80 cápsulas,,Creatina,23.99,,,Prozis,https://www.prozis.com/es/es/prozis/creatina-creapure-80-capsulas,//static.sscontent.com/thumb/750/750/t/products/124/v1826787_prozis_creatine-creapure-80-caps_1.png,2026-10-06,,,,,,4.71,3065.0,https://www.prozis.com/es/es/prozis/creatina-creapure-80-capsulas,,,,
Monohidrato de Creatina 90 comprimidos,,Creatina,15.59,,,Prozis,https://www.prozis.com/es/es/prozis/monohidrato-de-creatina-90-comprimidos,//static.sscontent.com/thumb/750/750/t/products/124/v1837266_prozis_creatine-monohydrate-90-tabs_1.png,2026-10-06,,,,,,4.75,2317.0,https://www.prozis.com/es/es/prozis/monohidrato-de-creatina-90-comprimidos,,,,
Creatina Creapure® 90 comprimidos masticables,,Creatina,31.49,,,Prozis,https://www.prozis.com/es/es/prozis/creatina-creapure-90-comprimidos-masticables,//static.sscontent.com/thumb/750/750/t/products/124/v1516913_prozis_creatine-creapure-90-chewable-tabs_1.png,2026-10-06,,,,,['Limón'],4.93,91.0,https://www.prozis.com/es/es/prozis/creatina-creapure-90-comprimidos-masticables,,,,
Creatine Creapure® 320 caps,,Creatina,60.02,,,Prozis,https://www.prozis.com/es/es/prozis/creatine-creapure-320-caps,//static.sscontent.com/thumb/750/750/t/products/124/v1826821_prozis_creatine-creapure-320-caps_1.png,2026-10-06,,,,,,4.71,1624.0,https://www.prozis.com/es/es/prozis/creatine-creapure-320-caps,,,,
Creatina Monohidrato en Tabletas,,Creatina,8.99,,,MyProtein,https://www.myprotein.es/p/nutricion-deportiva/creatina-monohidrato-en-tabletas/10575029/,https://main.thgimages.com?url=https://static.thcdn.com/productimg/original/10575029-1675340175270872.jpg&format=webp&width=1500&height=1500&fit=cover,2026-10-06,,,,,,4.42,19.0,https://www.myprotein.es/p/nutricion-deportiva/creatina-monohidrato-en-tabletas/10575029/,,True,,
Gummies de creatina,,Creatina,24.99,,,MyProtein,https://www.myprotein.es/p/nutricion-deportiva/gummies-de-creatina/13528283/,https://main.thgimages.com?url=https://static.thcdn.com/productimg/original/16194623-1425340906619668.jpg&format=webp&width=1500&height=1500&fit=cover,2026-10-06,,,,,"['Frambuesa', 'Limón', 'Melocotón', 'Lemonade (Sugar-Free)', 'Raspberry (Sugar-Free)']",4.23,88.0,https://www.myprotein.es/p/nutricion-deportiva/gummies-de-creatina/13528283/,,True,,
Gummies de creatina sin azúcar,,Creatina,24.99,,,MyProtein,https://www.myprotein.es/p/nutricion-deportiva/gummies-de-creatina-sin-azucar/17954302/,https://main.thgimages.com?url=https://static.thcdn.com/productimg/original/17954303-1275353875629997.jpg&format=webp&width=1500&height=1500&fit=cover,2026-10-06,,,,,"['Lemonade', 'Frambuesa']",3.0,1.0,https://www.myprotein.es/p/nutricion-deportiva/gummies-de-creatina-sin-azucar/17954302/,,True,,
Pack Get Stronger,,Creatina,46.99,,,MyProtein,https://www.myprotein.es/p/nutricion-deportiva/pack-get-stronger/14970298/,https://main.thgimages.com?url=https://static.thcdn.com/productimg/original/14970298-2075276681399712.jpg&format=webp&width=1500&height=1500&fit=cover,2026-10-06,,,,,,4.78,18.0,https://www.myprotein.es/p/nutricion-deportiva/pack-get-stronger/14970298/,,True,,
THE Electrofuel,,Creatina,18.99,,,MyProtein,https://www.myprotein.es/p/nutricion-deportiva/the-electrofuel/16570434/,https://main.thgimages.com?url=https://static.thcdn.com/productimg/original/15152033-1905253818352786.jpg&format=webp&width=1500&height=1500&fit=cover,2026-10-06,,,,,"['Sin Sabor', 'Frambuesa y Limonada', 'Naranja y Mango', 'Cereza Negra']",,,,,True,,
THE Electropower | Creatina + Electrolitos,,Creatina,27.99,,,MyProtein,https://www.myprotein.es/p/nutricion-deportiva/the-electropower-creatina-electrolitos/16663175/,https://main.thgimages.com?url=https://static.thcdn.com/productimg/original/16663176-1085278240252911.jpg&format=webp&width=1500&height=1500&fit=cover,2026-10-06,,,,,"['Raspberry Citrus', 'Sin Sabor']",3.0,3.0,https://www.myprotein.es/p/nutricion-deportiva/the-electropower-creatina-electrolitos/16663175/,,True,,
Myprotein PRO Creapure Stick Pack (Sample),,Creatina,1.0,,,MyProtein,https://www.myprotein.es/p/nutricion-deportiva/myprotein-pro-creapure-stick-pack-sample/16630360/,,2026-10-06,,,,,,,,,,True,,
Isomaltulosa (Palatinose™) en polvo 3kg,,Pre-Entreno,20.3,3.0,6.77,HSN,https://www.hsnstore.com/marcas/raw-series/isomaltulosa-palatinose-en-polvo,https://www.hsnstore.com/media/catalog/product/cache/67ee89799642c567a71fc92f3699d937/p/a/palatinose-powder-hsn1_1_1.webp,2026-10-06,0.0,50.0,60.0,False,['sin sabor'],4.7,177.0,https://www.hsnstore.com/marcas/raw-series/isomaltulosa-palatinose-en-polvo,,,,
Beta-alanina en polvo 1kg,,Pre-Entreno,22.09,1.0,22.09,HSN,https://www.hsnstore.com/marcas/raw-series/beta-alanina-en-polvo,https://www.hsnstore.com/media/catalog/product/b/e/beta-alanine-powder-hsn_1.jpg,2026-10-06,,2.0,75.0,False,,4.7,1585.0,https://www.hsnstore.com/marcas/raw-series/beta-alanina-en-polvo,,,,
Pre-workout Protein Mug Cake - Speculoos 400 g,,Pre-Entreno,8.99,0.4,22.47,Prozis,https://www.prozis.com/es/es/prozis/pre-workout-protein-mug-cake-speculoos-400-g,//static.sscontent.com/thumb/750/750/t/products/124/v1526654_prozis_pre-workout-protein-mug-cake-premix-speculoos-400-g_1.png,2026-10-06,,,,,"['Café y Caramelo', 'Chocolate', 'Speculoos', 'Vainilla y pepitas de chocolate']",4.6,87.0,https://www.prozis.com/es/es/prozis/pre-workout-protein-mug-cake-speculoos-400-g,,,True,
Pre-workout Protein Mug Cake - Café y Caramelo 400 g,,Pre-Entreno,8.99,0.4,22.47,Prozis,https://www.prozis.com/es/es/prozis/pre-workout-protein-mug-cake-cafe-y-caramelo-400-g,//static.sscontent.com/thumb/750/750/t/products/124/v1526591_prozis_pre-workout-protein-mug-cake-premix-coffee--caramel-400-g_1.png,2026-10-06,,,,,"['Café y Caramelo', 'Chocolate', 'Speculoos', 'Vainilla y pepitas de chocolate']",4.62,82.0,https://www.prozis.com/es/es/prozis/pre-workout-protein-mug-cake-cafe-y-caramelo-400-g,,,True,
Pre-workout Protein Mug Cake - Chocolate 400 g,,Pre-Entreno,8.99,0.4,22.47,Prozis,https://www.prozis.com/es/es/prozis/pre-workout-protein-mug-cake-chocolate-400-g,//static.sscontent.com/thumb/750/750/t/products/124/v1526579_prozis_pre-workout-protein-mug-cake-premix-chocolate-400-g_1.png,2026-10-06,,,,,"['Café y Caramelo', 'Chocolate', 'Speculoos', 'Vainilla y pepitas de chocolate']",4.65,83.0,https://www.prozis.com/es/es/prozis/pre-workout-protein-mug-cake-chocolate-400-g,,,True,
Pre-workout Protein Mug Cake Premix - Vainilla y Pepitas de Chocolate 400 g,,Pre-Entreno,8.99,0.4,22.47,Prozis,https://www.prozis.com/es/es/prozis/pre-workout-protein-mug-cake-premix-vainilla-y-pepitas-de-chocolate-400-g,//static.sscontent.com/thumb/750/750/t/products/124/v1526642_prozis_pre-workout-protein-mug-cake-premix-vanilla--choco-chips-400-g_1.png,2026-10-06,,,,,"['Café y Caramelo', 'Chocolate', 'Speculoos', 'Vainilla y pepitas de chocolate']",4.71,191.0,https://www.prozis.com/es/es/prozis/pre-workout-protein-mug-cake-premix-vainilla-y-pepitas-de-chocolate-400-g,,,True,
Energy Charge - Preentrenamiento 800 g,,Pre-Entreno,20.69,0.8,25.86,Prozis,https://www.prozis.com/es/es/prozis/energy-charge-preentrenamiento-800-g,//static.sscontent.com/thumb/750/750/t/products/124/v1559895_prozis_energy-charge-pre-workout-800-g_1.png,2026-10-06,,,,,"['Mojito', 'Naranja']",4.55,1521.0,https://www.prozis.com/es/es/prozis/energy-charge-preentrenamiento-800-g,,,,
N.O. Shox 1320g,,Pre-Entreno,35.99,1.32,27.27,Prozis,https://www.prozis.com/es/es/prozis/n.o.-shox-1320g,//static.sscontent.com/thumb/750/750/t/products/124/v1350727_prozis_no-shox-1320g_1.png,2026-10-06,,,,,"['Cola', 'Limón', 'Naranja']",4.32,4732.0,https://www.prozis.com/es/es/prozis/n.o.-shox-1320g,,,True,
L-arginina 300 g,,Pre-Entreno,8.5,0.3,28.33,Prozis,https://www.prozis.com/es/es/prozis/l-arginina-300-g,//static.sscontent.com/thumb/750/750/t/products/124/v1826542_prozis_l-arginine-300-g_1.png,2026-10-06,,,,,['Neutro'],4.5,2263.0,https://www.prozis.com/es/es/prozis/l-arginina-300-g,,,,
Evobeast 1kg,,Pre-Entreno,28.45,1.0,28.45,HSN,https://www.hsnstore.com/marcas/sport-series/evobeast,https://www.hsnstore.com/media/catalog/product/cache/67ee89799642c567a71fc92f3699d937/e/v/evobeast-gral-hsn_1.webp,2026-10-06,,50.0,20.0,False,"['bebida energética', 'grosella negra', 'limón', 'mango', 'naranja', 'ponche de frutas']",4.65,294.0,https://www.hsnstore.com/marcas/sport-series/evobeast,,,,
Beta Alanina en polvo 500g,,Pre-Entreno,14.99,0.5,29.98,MyProtein,https://www.myprotein.es/p/nutricion-deportiva/beta-alanina-en-polvo/10529809/,https://main.thgimages.com?url=https://static.thcdn.com/productimg/original/10529811-1125199715311195.jpg&format=webp&width=1500&height=1500&fit=cover,2026-10-06,,,,,['Sin Sabor'],4.48,25.0,https://www.myprotein.es/p/nutricion-deportiva/beta-alanina-en-polvo/10529809/,,True,,
Beta-alanina 900 g,,Pre-Entreno,26.99,0.9,29.99,Prozis,https://www.prozis.com/es/es/prozis/beta-alanina-900-g,//static.sscontent.com/thumb/750/750/t/products/124/v1712112_prozis_beta-alanine-900-g_1.png,2026-10-06,,,,,['Neutro'],4.72,887.0,https://www.prozis.com/es/es/prozis/beta-alanina-900-g,,,,
Origin Shred Pre-Workout 660g,,Pre-Entreno,19.99,0.66,30.29,MyProtein,https://www.myprotein.es/p/nutricion-deportiva/origin-shred-pre-workout/16547402/,https://main.thgimages.com?url=https://static.thcdn.com/productimg/original/16547403-4175287072301670.jpg&format=webp&width=1500&height=1500&fit=cover,2026-10-06,,,,,,,,,,True,,
EvoRDX 2.0 1kg,,Pre-Entreno,31.91,1.0,31.91,HSN,https://www.hsnstore.com/marcas/sport-series/evordx-2-0,https://www.hsnstore.com/media/catalog/product/cache/67ee89799642c567a71fc92f3699d937/e/v/evordx-gral-front-hsn_1.webp,2026-10-06,,23.0,22.0,False,"['bebida energética', 'cola', 'frambuesa', 'frambuesa azul', 'grosella negra', 'limón', 'manzana', 'naranja', 'naranja roja', 'ponche de frutas', 'té helado de limón', 'té helado melocotón', 'té helado de melocotón']",4.6,1223.0,https://www.hsnstore.com/marcas/sport-series/evordx-2-0,,,True,
Taurina en polvo 500g,,Pre-Entreno,16.99,0.5,33.98,MyProtein,https://www.myprotein.es/p/nutricion-deportiva/taurina-en-polvo/10530303/,https://main.thgimages.com?url=https://static.thcdn.com/productimg/original/10530303-1935199719023431.jpg&format=webp&width=1500&height=1500&fit=cover,2026-10-06,,,,,,4.79,28.0,https://www.myprotein.es/p/nutricion-deportiva/taurina-en-polvo/10530303/,,True,,
Evostamina 500g,,Pre-Entreno,17.04,0.5,34.08,HSN,https://www.hsnstore.com/marcas/sport-series/evostamina,https://www.hsnstore.com/media/catalog/product/cache/67ee89799642c567a71fc92f3699d937/e/v/evostamina-hsn_1.jpg,2026-10-06,,20.0,8.0,False,"['cola', 'grosella negra', 'ponche de frutas', 'té helado de melocotón']",4.55,271.0,https://www.hsnstore.com/marcas/sport-series/evostamina,,,True,
Mezcla Pre-Entreno 440g,,Pre-Entreno,15.0,0.44,34.09,MyProtein,https://www.myprotein.es/p/nutricion-deportiva/mezcla-pre-entreno/11542703/,https://main.thgimages.com?url=https://static.thcdn.com/productimg/original/11542706-9675306512799376.jpg&format=webp&width=1500&height=1500&fit=cover,2026-10-06,,,,,"['Cola', 'Frambuesa Azul', 'Naranja y Fruta de la Pasión', 'Deadpool - Cherry', 'Marvel Venom - Blood Orange and Strawberry']",4.48,56.0,https://www.myprotein.es/p/nutricion-deportiva/mezcla-pre-entreno/11542703/,,True,,
Beta-alanina 300 g,,Pre-Entreno,10.39,0.3,34.63,Prozis,https://www.prozis.com/es/es/prozis/beta-alanina-300-g,//static.sscontent.com/thumb/750/750/t/products/124/v1712098_prozis_beta-alanine-300-g_1.png,2026-10-06,,,,,['Neutro'],4.66,3590.0,https://www.prozis.com/es/es/prozis/beta-alanina-300-g,,,,
L-Glutamina en polvo 1kg,,Pre-Entreno,34.99,1.0,34.99,MyProtein,https://www.myprotein.es/p/nutricion-deportiva/l-glutamina-en-polvo/10636931/,https://main.thgimages.com?url=https://static.thcdn.com/productimg/original/10530124-2195186715678768.jpg&format=webp&width=1500&height=1500&fit=cover,2026-10-06,,,,,['Sin Sabor'],4.62,540.0,https://www.myprotein.es/p/nutricion-deportiva/l-glutamina-en-polvo/10636931/,,True,,
L-Tirosina en polvo 500g,,Pre-Entreno,17.99,0.5,35.98,MyProtein,https://www.myprotein.es/p/nutricion-deportiva/l-tirosina-en-polvo/10530186/,https://main.thgimages.com?url=https://static.thcdn.com/productimg/original/10530187-1175199982321305.jpg&format=webp&width=1500&height=1500&fit=cover,2026-10-06,,,,,,,,,,True,,
"Proteína Smooth-8 Hybrid 2,3Kg - MUSCLECORE | Premium",Amix Nutrition,Pre-Entreno,83.22,2.3,36.18,Nutritienda,https://www.nutritienda.com/es/amix-nutrition-smooth-8-hybrid-protein-2300g,https://imagedelivery.net/-uGyOE-KT6ZqyPmPyh8-iw/3272f54b-88ea-4669-7937-7684ef398000/public,2026-10-06,,,,,,4.6,56.0,https://www.nutritienda.com/es/amix-nutrition-smooth-8-hybrid-protein-2300g,,,,
Origin Pre-Entreno 630g,,Pre-Entreno,22.99,0.63,36.49,MyProtein,https://www.myprotein.es/p/nutricion-deportiva/origin-pre-entreno/12941037/,https://main.thgimages.com?url=https://static.thcdn.com/productimg/original/12941040-1985372342241609.jpg&format=webp&width=1500&height=1500&fit=cover,2026-10-06,,,,,"['Sour Apples', 'Sour Watermelon', 'Cherry Drops', 'White (Original)']",4.43,23.0,https://www.myprotein.es/p/nutricion-deportiva/origin-pre-entreno/12941037/,,True,,
Glycopump (glicerol) en polvo 500g,,Pre-Entreno,18.43,0.5,36.86,HSN,https://www.hsnstore.com/marcas/raw-series/glycopump-glicerol-en-polvo,https://www.hsnstore.com/media/catalog/product/cache/67ee89799642c567a71fc92f3699d937/g/l/glycopump-glycerol-powder-hsn_1.jpg,2026-10-06,,,,False,,4.65,86.0,https://www.hsnstore.com/marcas/raw-series/glycopump-glicerol-en-polvo,,,,
L-citrulina base en polvo 1kg,,Pre-Entreno,38.45,1.0,38.45,HSN,https://www.hsnstore.com/marcas/raw-series/l-citrulina-base-en-polvo,https://www.hsnstore.com/media/catalog/product/cache/67ee89799642c567a71fc92f3699d937/l/-/l-citrulline-base-powder-front-gral-hsn_1_1.webp,2026-10-06,,5.0,200.0,False,,4.65,51.0,https://www.hsnstore.com/marcas/raw-series/l-citrulina-base-en-polvo,,,,
GoldNutrition Pre-Entrenamiento Explosivo | Máximo Rendimiento 1000g,Gold Nutrition,Pre-Entreno,39.59,1.0,39.59,Nutritienda,https://www.nutritienda.com/es/gold-nutrition-pre-workout-explosive-1000g,https://imagedelivery.net/-uGyOE-KT6ZqyPmPyh8-iw/764ae8fc-649d-4738-e44d-b5d68b3f4200/public,2026-10-06,,,,,,4.5,66.0,https://www.nutritienda.com/es/gold-nutrition-pre-workout-explosive-1000g,,,,
C2M Creatine 500g,Soul Project,Pre-Entreno,20.5,0.5,41.0,Nutritienda,https://www.nutritienda.com/es/soul-project/c2m-creatine-500g,https://imagedelivery.net/-uGyOE-KT6ZqyPmPyh8-iw/5e8453cc-4b8b-43e4-43a9-28e4b15f1500/public,2026-10-06,,,,,,4.9,9.0,https://www.nutritienda.com/es/soul-project/c2m-creatine-500g,,,,
Origin Jacked Pre-Workout 650g,,Pre-Entreno,26.99,0.65,41.52,MyProtein,https://www.myprotein.es/p/nutricion-deportiva/origin-jacked-pre-workout/17627020/,https://main.thgimages.com?url=https://static.thcdn.com/productimg/original/17879939-5675332623681741.jpg&format=webp&width=1500&height=1500&fit=cover,2026-10-06,,,,,"['Gummy Worm', 'Cherry Drops', 'Orange Mango Soda', 'Blue Raspberry Fizz']",1.5,2.0,https://www.myprotein.es/p/nutricion-deportiva/origin-jacked-pre-workout/17627020/,,True,,
Origin Jacked Pump 620g,,Pre-Entreno,26.99,0.62,43.53,MyProtein,https://www.myprotein.es/p/nutricion-deportiva/origin-jacked-pump/17627019/,https://main.thgimages.com?url=https://static.thcdn.com/productimg/original/17627022-1475332607850663.jpg&format=webp&width=1500&height=1500&fit=cover,2026-10-06,,,,,"['Cherry Drops', 'Blue Raspberry Fizz', 'Candy Pop']",,,,,True,,
Powered - Café Preentrenamiento 250 g,,Pre-Entreno,11.24,0.25,44.96,Prozis,https://www.prozis.com/es/es/prozis/powered-cafe-preentrenamiento-250-g,//static.sscontent.com/thumb/750/750/t/products/124/v1826967_prozis_powered-pre-workout-coffee-250g_1.png,2026-10-06,,,,,"['Caramelo salado', 'Chocolate', 'Neutro', 'Speculoos']",4.88,67.0,https://www.prozis.com/es/es/prozis/powered-cafe-preentrenamiento-250-g,,,,
226ERS Race Day Bar BCAA 40g - Barrita Energética Vegana,226ers,Pre-Entreno,1.8,0.04,45.0,Nutritienda,https://www.nutritienda.com/es/226ers/race-day-bar-bcaas,https://imagedelivery.net/-uGyOE-KT6ZqyPmPyh8-iw/15d04f27-5dcb-44ba-c01c-b365093a5900/public,2026-10-06,,,,,,4.9,19.0,https://www.nutritienda.com/es/226ers/race-day-bar-bcaas,,,,
D-ribosa en polvo 500g,,Pre-Entreno,22.75,0.5,45.5,HSN,https://www.hsnstore.com/marcas/raw-series/d-ribosa-en-polvo,https://www.hsnstore.com/media/catalog/product/cache/67ee89799642c567a71fc92f3699d937/d/-/d-ribose-powder-hsn_1_1.webp,2026-10-06,,10.0,15.0,False,,4.7,122.0,https://www.hsnstore.com/marcas/raw-series/d-ribosa-en-polvo,,,,
Citrulina Malato 500g,,Pre-Entreno,22.99,0.5,45.98,MyProtein,https://www.myprotein.es/p/nutricion-deportiva/citrulina-malato/10529326/,https://main.thgimages.com?url=https://static.thcdn.com/productimg/original/10529328-1295199715147221.jpg&format=webp&width=1500&height=1500&fit=cover,2026-10-06,,,,,,4.6,30.0,https://www.myprotein.es/p/nutricion-deportiva/citrulina-malato/10529326/,,True,,
Evobomb 1kg,,Pre-Entreno,46.39,1.0,46.39,HSN,https://www.hsnstore.com/marcas/sport-series/evobomb,https://www.hsnstore.com/media/catalog/product/cache/67ee89799642c567a71fc92f3699d937/e/v/evobomb-blackcurrant-gral-nb-front-hsn_1.webp,2026-10-06,,20.0,8.0,False,"['fresa', 'grosella negra', 'limón', 'mango', 'manzana', 'mojito', 'naranja', 'pera', 'tropical', 'frutas exóticas', 'limonada de frambuesa azul']",4.55,256.0,https://www.hsnstore.com/marcas/sport-series/evobomb,,,True,
Malato de L-Citrulina 300 g,,Pre-Entreno,13.99,0.3,46.63,Prozis,https://www.prozis.com/es/es/prozis/malato-de-l-citrulina-300-g,//static.sscontent.com/thumb/750/750/t/products/124/v1304266_prozis_l-citrulline-malate-300g_1.png,2026-10-06,,,,,"['Neutro', 'Manzana verde', 'Sandía']",4.72,2875.0,https://www.prozis.com/es/es/prozis/malato-de-l-citrulina-300-g,,,,
Gel Pre-Entreno 50g,,Pre-Entreno,2.55,0.05,51.0,MyProtein,https://www.myprotein.es/p/nutricion-deportiva/gel-pre-entreno/10798884/,https://main.thgimages.com?url=https://static.thcdn.com/productimg/original/10798886-1685282128133892.jpg&format=webp&width=1500&height=1500&fit=cover,2026-10-06,,,,,"['Frutas del Bosque', 'Tropical', 'Green Apple (HYROX Edition)', 'Sour Cherry (HYROX Edition)']",4.27,15.0,https://www.myprotein.es/p/nutricion-deportiva/gel-pre-entreno/10798884/,,True,,
L-arginina alfa-cetoglutarato (AAKG) en polvo 500g,,Pre-Entreno,25.6,0.5,51.2,HSN,https://www.hsnstore.com/marcas/raw-series/arginina-alfa-cetoglutarato-aakg-en-polvo,https://www.hsnstore.com/media/catalog/product/cache/67ee89799642c567a71fc92f3699d937/a/a/aakg-arginine-powder-hsn_1.jpg,2026-10-06,,,150.0,False,,4.65,233.0,https://www.hsnstore.com/marcas/raw-series/arginina-alfa-cetoglutarato-aakg-en-polvo,,,,
B10 PUMP EFFECT PRE WORKOUT 400g,Nutrisport,Pre-Entreno,20.79,0.4,51.97,Nutritienda,https://www.nutritienda.com/es/nutrisport/b-10-pump-effect-400g,https://imagedelivery.net/-uGyOE-KT6ZqyPmPyh8-iw/3427d959-012a-4da1-5223-f6ac58c6a000/public,2026-10-06,,,,,,4.2,22.0,https://www.nutritienda.com/es/nutrisport/b-10-pump-effect-400g,,,,
Evopump en polvo 500g,,Pre-Entreno,26.16,0.5,52.32,HSN,https://www.hsnstore.com/marcas/sport-series/evopump-en-polvo,https://www.hsnstore.com/media/catalog/product/cache/67ee89799642c567a71fc92f3699d937/e/v/evopump-powder-sportseries_1.webp,2026-10-06,,20.0,8.0,False,"['grosella negra', 'ponche de frutas']",4.55,162.0,https://www.hsnstore.com/marcas/sport-series/evopump-en-polvo,,,,
Neox Preworkout 400g,Hypertrophy Nutrition,Pre-Entreno,22.0,0.4,55.0,Nutritienda,https://www.nutritienda.com/es/hypertrophy-nutrition/neox-preworkout-400g,https://imagedelivery.net/-uGyOE-KT6ZqyPmPyh8-iw/2b08dd6e-10b4-4087-1c5a-cacd3d784e00/public,2026-10-06,,,,,,4.7,7.0,https://www.nutritienda.com/es/hypertrophy-nutrition/neox-preworkout-400g,,,,
Super Shock 600g,Quamtrax,Pre-Entreno,33.52,0.6,55.87,Nutritienda,https://www.nutritienda.com/es/quamtrax/super-shock-600g,https://imagedelivery.net/-uGyOE-KT6ZqyPmPyh8-iw/67a9fb47-9955-4706-70ca-3b0dc8191200/public,2026-10-06,,,,,,,,,,,,
AAKG 500g,,Pre-Entreno,27.99,0.5,55.98,MyProtein,https://www.myprotein.es/p/nutricion-deportiva/aakg/10529763/,https://main.thgimages.com?url=https://static.thcdn.com/productimg/original/10529772-1795199709694367.jpg&format=webp&width=1500&height=1500&fit=cover,2026-10-06,,,,,,4.19,16.0,https://www.myprotein.es/p/nutricion-deportiva/aakg/10529763/,,True,,
Glycopump 300g,Vitobest,Pre-Entreno,17.23,0.3,57.43,Nutritienda,https://www.nutritienda.com/es/vitobest/glycopump-300g,https://imagedelivery.net/-uGyOE-KT6ZqyPmPyh8-iw/0a1e3bd8-2789-4a5a-06c6-a17820ef7b00/public,2026-10-06,,,,,,,,,,,,
Malato de L-Citrulina 150 g,,Pre-Entreno,9.09,0.15,60.6,Prozis,https://www.prozis.com/es/es/prozis/malato-de-l-citrulina-150-g,//static.sscontent.com/thumb/750/750/t/products/124/v1458306_prozis_l-citrulline-malate-150g_1.png,2026-10-06,,,,,"['Neutro', 'Manzana verde', 'Sandía']",4.69,3630.0,https://www.prozis.com/es/es/prozis/malato-de-l-citrulina-150-g,,,,
Pump Express 2.0 Concentrate 660g,Olimp,Pre-Entreno,41.0,0.66,62.12,Nutritienda,https://www.nutritienda.com/es/olimp/pump-express-2-0-concentrate-660g,https://imagedelivery.net/-uGyOE-KT6ZqyPmPyh8-iw/74402a08-4c5e-4c30-5d81-f6223ee33700/public,2026-10-06,,,,,,,,,,,,
Beta-alanina (CarnoSyn®) en polvo 500g,,Pre-Entreno,34.6,0.5,69.2,HSN,https://www.hsnstore.com/marcas/raw-series/beta-alanina-carnosyn-en-polvo,https://www.hsnstore.com/media/catalog/product/cache/67ee89799642c567a71fc92f3699d937/1/0/100-pure-beta-alanine-carnosyn-powder-gral-front-v2-hsn_1.webp,2026-10-06,,2.0,75.0,False,,4.6,35.0,https://www.hsnstore.com/marcas/raw-series/beta-alanina-carnosyn-en-polvo,,,,
Amino Charge 570g,Scitec,Pre-Entreno,39.5,0.57,69.3,Nutritienda,https://www.nutritienda.com/es/scitec/amino-charge-con-bcaa-y-glutamina-570g,https://imagedelivery.net/-uGyOE-KT6ZqyPmPyh8-iw/ca6b00bf-aa69-4139-b392-8a993d154300/public,2026-10-06,,,,,,4.8,17.0,https://www.nutritienda.com/es/scitec/amino-charge-con-bcaa-y-glutamina-570g,,,,
Attack 416g,Scitec,Pre-Entreno,28.9,0.416,69.47,Nutritienda,https://www.nutritienda.com/es/scitec/attack-416g,https://imagedelivery.net/-uGyOE-KT6ZqyPmPyh8-iw/f4ce2689-e1a9-4922-7cc1-079a7aad9f00/public,2026-10-06,,,,,,,,,,,,
Bcaa Powder 8:1:1 300g,Yamamoto Nutrition,Pre-Entreno,20.95,0.3,69.83,Nutritienda,https://www.nutritienda.com/es/yamamoto-nutrition/bcaa-powder-811-300g,https://imagedelivery.net/-uGyOE-KT6ZqyPmPyh8-iw/185f8680-51af-4ee7-d3f4-0d325e208d00/public,2026-10-06,,,,,,5.0,1.0,https://www.nutritienda.com/es/yamamoto-nutrition/bcaa-powder-811-300g,,,,
Bavarian Elite OCTANOX Pre-Entreno 350g | Energía Extrema,Bavarian Elite,Pre-Entreno,25.0,0.35,71.43,Nutritienda,https://www.nutritienda.com/es/bavarian-elite/octano-x-350g,https://imagedelivery.net/-uGyOE-KT6ZqyPmPyh8-iw/79eaa461-a12e-4d2c-764c-5dde8697bf00/public,2026-10-06,,,,,,5.0,6.0,https://www.nutritienda.com/es/bavarian-elite/octano-x-350g,,,,
ABE Pre-Workout 375g,Applied Nutrition,Pre-Entreno,26.99,0.375,71.97,Nutritienda,https://www.nutritienda.com/es/applied-nutrition/abe-pre-workout-375g,https://imagedelivery.net/-uGyOE-KT6ZqyPmPyh8-iw/a09a1c55-4a0a-4c2d-a92d-496a3b3a5500/public,2026-10-06,,,,,,5.0,4.0,https://www.nutritienda.com/es/applied-nutrition/abe-pre-workout-375g,,,,
KNOCKOUT 2.0 305g,Olimp,Pre-Entreno,22.1,0.305,72.46,Nutritienda,https://www.nutritienda.com/es/olimp/knockout-2-pre-entrenamiento-305g,https://imagedelivery.net/-uGyOE-KT6ZqyPmPyh8-iw/53640d55-d076-44ca-4a57-2a6e12e33c00/public,2026-10-06,,,,,,4.5,34.0,https://www.nutritienda.com/es/olimp/knockout-2-pre-entrenamiento-305g,,,,
JACK3D 45 Servicios ▸ USP Labs | Nutritienda 315g,Usp Labs,Pre-Entreno,22.89,0.315,72.67,Nutritienda,https://www.nutritienda.com/es/usp-labs-jack3d-45-servicios,https://imagedelivery.net/-uGyOE-KT6ZqyPmPyh8-iw/1ea7eca2-1f8a-4dbb-b151-29af228c3500/public,2026-10-06,,,,,,4.5,156.0,https://www.nutritienda.com/es/usp-labs-jack3d-45-servicios,,,,
Amix Pre-entreno Yeep Pump Sin Cafeína 360gr - Black Line 375g,Amix Nutrition,Pre-Entreno,27.63,0.375,73.68,Nutritienda,https://www.nutritienda.com/es/amix-nutrition/yeep-pump-no-caff-360g,https://imagedelivery.net/-uGyOE-KT6ZqyPmPyh8-iw/022edaac-a070-4444-d5cb-80c3be99b200/public,2026-10-06,,,,,,,,,,,,
Barrita Pre-Workout Impact GoldNutrition - Energía + Cafeína 400g,Gold Nutrition,Pre-Entreno,29.9,0.4,74.75,Nutritienda,https://www.nutritienda.com/es/gold-nutrition/pre-workout-impact-pre-entrenamiento-400g,https://imagedelivery.net/-uGyOE-KT6ZqyPmPyh8-iw/d32778fd-7675-431d-c661-67ea86d32b00/public,2026-10-06,,,,,,4.7,35.0,https://www.nutritienda.com/es/gold-nutrition/pre-workout-impact-pre-entrenamiento-400g,,,,
Platinum Pre Workout 420g,Optimum Nutrition,Pre-Entreno,31.49,0.42,74.98,Nutritienda,https://www.nutritienda.com/es/optimum-nutrition/platinum-pre-workout-420g,https://imagedelivery.net/-uGyOE-KT6ZqyPmPyh8-iw/3b07f783-b86c-4493-f885-50e3da1dbb00/public,2026-10-06,,,,,,,,,,,,
Pre Workout 300g,Best Protein,Pre-Entreno,23.15,0.3,77.17,Nutritienda,https://www.nutritienda.com/es/best-protein/pre-workout,https://imagedelivery.net/-uGyOE-KT6ZqyPmPyh8-iw/4ff2f051-5582-42ec-b858-06867ceb2700/public,2026-10-06,,,,,,4.8,12.0,https://www.nutritienda.com/es/best-protein/pre-workout,,,,
Fire Nutrition L-Citrulina Malato 300g - Rendimiento,Fire Nutrition,Pre-Entreno,23.9,0.3,79.67,Nutritienda,https://www.nutritienda.com/es/fire-nutrition/l-citrulina-malato-300g,https://imagedelivery.net/-uGyOE-KT6ZqyPmPyh8-iw/aadfebbb-0ab9-4505-0571-0ec48832de00/public,2026-10-06,,,,,,,,,,,,
L-Carnitina en polvo 500g,,Pre-Entreno,39.99,0.5,79.98,MyProtein,https://www.myprotein.es/p/nutricion-deportiva/l-carnitina-en-polvo/10529729/,https://main.thgimages.com?url=https://static.thcdn.com/productimg/original/10529733-5365199715247889.jpg&format=webp&width=1500&height=1500&fit=cover,2026-10-06,,,,,,4.38,24.0,https://www.myprotein.es/p/nutricion-deportiva/l-carnitina-en-polvo/10529729/,,True,,
Amix Yeep Pump Pre-entreno con Cafeína 345gr 345g,Amix Nutrition,Pre-Entreno,27.63,0.345,80.09,Nutritienda,https://www.nutritienda.com/es/amix-nutrition/yeep-pump-345g,https://imagedelivery.net/-uGyOE-KT6ZqyPmPyh8-iw/865d8806-5ba3-4db5-56ea-ed1b6e9af500/public,2026-10-06,,,,,,,,,,,,
ATP Extreme 440g,Vitobest,Pre-Entreno,36.72,0.44,83.45,Nutritienda,https://www.nutritienda.com/es/vitobest/atp-extreme-440g,https://imagedelivery.net/-uGyOE-KT6ZqyPmPyh8-iw/aaaca508-7061-4195-e7bd-31624a594b00/public,2026-10-06,,,,,,,,,,,,
Hot Blood No Stim 375g,Scitec,Pre-Entreno,31.9,0.375,85.07,Nutritienda,https://www.nutritienda.com/es/scitec/hot-blood-no-stim-375g,https://imagedelivery.net/-uGyOE-KT6ZqyPmPyh8-iw/ed62761f-2ca0-4102-4d5c-81d73b761700/public,2026-10-06,,,,,,,,,,,,
R-Weiler Focus 300g,Olimp,Pre-Entreno,25.8,0.3,86.0,Nutritienda,https://www.nutritienda.com/es/olimp/r-weiler-focus-300g,https://imagedelivery.net/-uGyOE-KT6ZqyPmPyh8-iw/0f49aedf-51f3-458e-88af-d421ca827d00/public,2026-10-06,,,,,,,,,,,,
Impact Pre-Entreno – Venom 440g,,Pre-Entreno,38.99,0.44,88.61,MyProtein,https://www.myprotein.es/p/nutricion-deportiva/impact-pre-entreno-venom/17585477/,https://main.thgimages.com?url=https://static.thcdn.com/productimg/original/17463022-1305288565142815.jpg&format=webp&width=1500&height=1500&fit=cover,2026-10-06,,,,,,,,,,True,,
Pump Caffeine Free 330g,Biotech Usa,Pre-Entreno,29.9,0.33,90.61,Nutritienda,https://www.nutritienda.com/es/biotech-usa/pump-caffeine-free-330g,https://imagedelivery.net/-uGyOE-KT6ZqyPmPyh8-iw/5e2da6b7-20b0-41cc-c32c-8817a872d300/public,2026-10-06,,,,,,,,,,,,
GOLD STANDARD PRE-WORKOUT 330g,Optimum Nutrition,Pre-Entreno,29.99,0.33,90.88,Nutritienda,https://www.nutritienda.com/es/optimum-nutrition/gold-standard-plant-pre-workout,https://imagedelivery.net/-uGyOE-KT6ZqyPmPyh8-iw/761ae3f9-174f-4e1c-58ac-05580cf6c600/public,2026-10-06,,,,,,4.3,269.0,https://www.nutritienda.com/es/optimum-nutrition/gold-standard-plant-pre-workout,,,,
Pre-entreno MyoCell 5 Phase 500g - Musclecore,Amix Nutrition,Pre-Entreno,45.48,0.5,90.96,Nutritienda,https://www.nutritienda.com/es/amix-nutrition-myocell-5-phase-500g,https://imagedelivery.net/-uGyOE-KT6ZqyPmPyh8-iw/7ab6f21d-79f3-4e83-6aa8-84b8bfcb7400/public,2026-10-06,,,,,,4.1,69.0,https://www.nutritienda.com/es/amix-nutrition-myocell-5-phase-500g,,,,
POW3RD! 2.0 - 350 g,Scitec,Pre-Entreno,31.9,0.35,91.14,Nutritienda,https://www.nutritienda.com/es/scitec-nutrition-pow3rd-2-350g,https://imagedelivery.net/-uGyOE-KT6ZqyPmPyh8-iw/bb06bf14-dc5a-4a24-d606-3a5a1187ce00/public,2026-10-06,,,,,,4.3,67.0,https://www.nutritienda.com/es/scitec-nutrition-pow3rd-2-350g,,,,
Amino Energy Zero 360g,Biotech Usa,Pre-Entreno,32.9,0.36,91.39,Nutritienda,https://www.nutritienda.com/es/biotech-usa/amino-energy-zero-360g,https://imagedelivery.net/-uGyOE-KT6ZqyPmPyh8-iw/a88b9a53-0b50-4a4f-9dee-2ecae7ceed00/public,2026-10-06,,,,,,4.7,13.0,https://www.nutritienda.com/es/biotech-usa/amino-energy-zero-360g,,,,
Energy Storm 300g,Beverly Nutrition,Pre-Entreno,27.5,0.3,91.67,Nutritienda,https://www.nutritienda.com/es/beverly-nutrition/energy-storm-300g,https://imagedelivery.net/-uGyOE-KT6ZqyPmPyh8-iw/7748940c-b206-4c5a-17df-141cc2fc8800/public,2026-10-06,,,,,,,,,,,,
L-Ornitina HCL en polvo 250g,,Pre-Entreno,22.99,0.25,91.96,MyProtein,https://www.myprotein.es/p/nutricion-deportiva/l-ornitina-hcl-en-polvo/10529383/,https://main.thgimages.com?url=https://static.thcdn.com/productimg/1600/1600/10529383-1224689570490761.jpg&format=webp&width=1500&height=1500&fit=cover,2026-10-06,,,,,,,,,,True,,
CITRULINA MALATO 300g,Biotech Usa,Pre-Entreno,28.9,0.3,96.33,Nutritienda,https://www.nutritienda.com/es/biotech-usa/citrulina-malato-300g,https://imagedelivery.net/-uGyOE-KT6ZqyPmPyh8-iw/6cc1c7d5-aef9-4238-167c-230e98ae1b00/public,2026-10-06,,,,,,4.6,79.0,https://www.nutritienda.com/es/biotech-usa/citrulina-malato-300g,,,,
Venmo Pre-Workout Non Stimulant 300g,Life Pro Nutrition,Pre-Entreno,29.9,0.3,99.67,Nutritienda,https://www.nutritienda.com/es/life-pro-nutrition/venmo-pre-workout-non-stimulant-300g,https://imagedelivery.net/-uGyOE-KT6ZqyPmPyh8-iw/1e97f430-77b9-4853-d372-3d8b9d34fb00/public,2026-10-06,,,,,,,,,,,,
226ERS Pre Workout 300g - Suplemento Pre-Entreno Vegano,226ers,Pre-Entreno,31.5,0.3,105.0,Nutritienda,https://www.nutritienda.com/es/226ers/pre-workout-caffeine-300g,https://imagedelivery.net/-uGyOE-KT6ZqyPmPyh8-iw/dbf9a2fb-19ce-4528-cff6-965812e07100/public,2026-10-06,,,,,,,,,,,,
226ERS PRE WORKOUT 300g - Suplemento Pre-Entreno Vegano,226ers,Pre-Entreno,31.5,0.3,105.0,Nutritienda,https://www.nutritienda.com/es/226ers/pre-workout-300g,https://imagedelivery.net/-uGyOE-KT6ZqyPmPyh8-iw/36e2f012-6ea5-4180-3eea-85f4ccc4db00/public,2026-10-06,,,,,,,,,,,True,
SUPERNOVA 282g,Biotech Usa,Pre-Entreno,29.9,0.282,106.03,Nutritienda,https://www.nutritienda.com/es/biotech-usa/supernova-pre-entrenamiento-282g,https://imagedelivery.net/-uGyOE-KT6ZqyPmPyh8-iw/6a5966bd-b144-47d1-a76f-21583bef0c00/public,2026-10-06,,,,,,4.4,17.0,https://www.nutritienda.com/es/biotech-usa/supernova-pre-entrenamiento-282g,,,,
Wild Pump 400g,Life Pro Nutrition,Pre-Entreno,42.9,0.4,107.25,Nutritienda,https://www.nutritienda.com/es/life-pro-nutrition/wild-pump-400g,https://imagedelivery.net/-uGyOE-KT6ZqyPmPyh8-iw/b56415f4-56ee-4a75-c5bd-47dd96c8ff00/public,2026-10-06,,,,,,,,,,,,
Amix CellUp con Oxystorm 348g - Pre-entreno Premium,Amix Nutrition,Pre-Entreno,39.53,0.348,113.59,Nutritienda,https://www.nutritienda.com/es/amix-nutrition/cellup-with-oxystorm-348g,https://imagedelivery.net/-uGyOE-KT6ZqyPmPyh8-iw/6b6bf76f-15c2-4a95-f122-8c698bb78700/public,2026-10-06,,,,,,,,,,,,
Pack Regalo Cellup Oxystorm 348g + Tribu ZMA 30 Caps,Amix Nutrition,Pre-Entreno,39.53,0.348,113.59,Nutritienda,https://www.nutritienda.com/es/amix-nutrition/pack-regalo-cellup-oxystorm-348g-tribu-zma-30-caps,https://imagedelivery.net/-uGyOE-KT6ZqyPmPyh8-iw/ea06d632-638c-4778-e215-c89cdb82ee00/public,2026-10-06,,,,,,,,,,,,
The Curse 250 g,Cobra Labs,Pre-Entreno,28.49,0.25,113.96,Nutritienda,https://www.nutritienda.com/es/cobra-labs/the-curse-250g,https://imagedelivery.net/-uGyOE-KT6ZqyPmPyh8-iw/168b8afc-8bd3-428c-2cbc-848402044e00/public,2026-10-06,,,,,,4.9,18.0,https://www.nutritienda.com/es/cobra-labs/the-curse-250g,,,,
Scitec Hot Blood Infinity No-Stim 350g - Pre-Entreno,Scitec,Pre-Entreno,40.5,0.35,115.71,Nutritienda,https://www.nutritienda.com/es/scitec/hot-blood-infinity-no-stim-350g,https://imagedelivery.net/-uGyOE-KT6ZqyPmPyh8-iw/fbfd2d41-e414-476f-7cd4-bb1ff8b80600/public,2026-10-06,,,,,,,,,,,,
Pre-Workout Pro St 300g,Crown Sport Nutrition,Pre-Entreno,34.95,0.3,116.5,Nutritienda,https://www.nutritienda.com/es/crown-sport-nutrition/pre-workout-pro-st-300g,https://imagedelivery.net/-uGyOE-KT6ZqyPmPyh8-iw/c984a6bc-db2b-4d17-68cb-ebfd28eb3100/public,2026-10-06,,,,,,4.3,3.0,https://www.nutritienda.com/es/crown-sport-nutrition/pre-workout-pro-st-300g,,,,
Back Draft Preworkout 300g,Fire Nutrition,Pre-Entreno,34.95,0.3,116.5,Nutritienda,https://www.nutritienda.com/es/fire-nutrition/back-draft-preworkout-300g,https://imagedelivery.net/-uGyOE-KT6ZqyPmPyh8-iw/8937108a-a572-4dde-7b78-8815037a0900/public,2026-10-06,,,,,,,,,,,,
NITRO SPEED 350g para fuerza y energía ▸ BIG | Nutritienda,Big,Pre-Entreno,40.95,0.35,117.0,Nutritienda,https://www.nutritienda.com/es/big/nitro-speed-350g,https://imagedelivery.net/-uGyOE-KT6ZqyPmPyh8-iw/d13d091f-566f-45aa-31b1-1ef91cbfed00/public,2026-10-06,,,,,,4.2,21.0,https://www.nutritienda.com/es/big/nitro-speed-350g,,,,
Hot Blood Infinity 350 g,Scitec,Pre-Entreno,41.5,0.35,118.57,Nutritienda,https://www.nutritienda.com/es/scitec/hot-blood-infinity-350g,https://imagedelivery.net/-uGyOE-KT6ZqyPmPyh8-iw/91b7e69e-4180-446d-95bf-a6ac07d80400/public,2026-10-06,,,,,,,,,,,,
MUTANT MADNESS - Potencia tus entrenamientos 225g,Mutant,Pre-Entreno,26.8,0.225,119.11,Nutritienda,https://www.nutritienda.com/es/mutant/madness-pre-entrenamiento-300g,https://imagedelivery.net/-uGyOE-KT6ZqyPmPyh8-iw/08113dc3-ded1-4247-6de3-758a6d5f2000/public,2026-10-06,,,,,,4.7,52.0,https://www.nutritienda.com/es/mutant/madness-pre-entrenamiento-300g,,,,
C4 ORIGINAL 195g,Cellucor,Pre-Entreno,23.9,0.195,122.56,Nutritienda,https://www.nutritienda.com/es/cellucor/c4-original,https://imagedelivery.net/-uGyOE-KT6ZqyPmPyh8-iw/da868391-bff0-4404-8124-08eb52098b00/public,2026-10-06,,,,,,4.7,742.0,https://www.nutritienda.com/es/cellucor/c4-original,,,,
Superhero 285g,Scitec,Pre-Entreno,40.5,0.285,142.11,Nutritienda,https://www.nutritienda.com/es/scitec/superhero-285g,https://imagedelivery.net/-uGyOE-KT6ZqyPmPyh8-iw/d0a41c06-69c7-46c9-f82e-e311183dfb00/public,2026-10-06,,,,,,4.7,3.0,https://www.nutritienda.com/es/scitec/superhero-285g,,,,
Pre-entreno CellZoom Amix - Fórmula Concentrada Sin Azúcares 315g,Amix Nutrition,Pre-Entreno,45.48,0.315,144.38,Nutritienda,https://www.nutritienda.com/es/amix-nutrition/cellzoom,https://imagedelivery.net/-uGyOE-KT6ZqyPmPyh8-iw/3a7e5247-b317-467f-5eb7-b45de10fb600/public,2026-10-06,,,,,,4.0,122.0,https://www.nutritienda.com/es/amix-nutrition/cellzoom,,,,
C4 RIPPED 30 pre-entreno ▸ Cellucor | Nutritienda 165g,Cellucor,Pre-Entreno,24.9,0.165,150.91,Nutritienda,https://www.nutritienda.com/es/cellucor/c4-ripped-30-servicios,https://imagedelivery.net/-uGyOE-KT6ZqyPmPyh8-iw/519d3e85-305e-4ba1-4884-4fe526be6f00/public,2026-10-06,,,,,,4.7,159.0,https://www.nutritienda.com/es/cellucor/c4-ripped-30-servicios,,,,
L-Teanina en polvo 100g,,Pre-Entreno,15.99,0.1,159.9,MyProtein,https://www.myprotein.es/p/nutricion-deportiva/l-teanina-en-polvo/10530035/,https://main.thgimages.com?url=https://static.thcdn.com/productimg/original/10530035-2005199723256404.jpg&format=webp&width=1500&height=1500&fit=cover,2026-10-06,,,,,,,,,,True,,
Sachet POWA 3.0 Pre-Workout 17.8g Cola x 3,,Pre-Entreno,3.3,0.018,183.33,Prozis,https://www.prozis.com/es/es/prozis/sachet-powa-3.0-pre-workout-17.8g-cola-x-3,//static.sscontent.com/thumb/750/750/t/products/124/v1678217_prozis_3-x-sachet-powa-30-pre-workout-178g-cola_1.png,2026-10-06,,,,,"['Cola', 'Manzana']",4.65,3621.0,https://www.prozis.com/es/es/prozis/sachet-powa-3.0-pre-workout-17.8g-cola-x-3,,,,
Sachet POWA 3.0 Pre-Workout 17.5g Apple x 3,,Pre-Entreno,3.8,0.018,211.11,Prozis,https://www.prozis.com/es/es/prozis/sachet-powa-3.0-pre-workout-17.5g-apple-x-3,//static.sscontent.com/thumb/750/750/t/products/124/v1678187_prozis_3-x-sachet-powa-30-pre-workout-175g-apple_1.png,2026-10-06,,,,,"['Cola', 'Manzana']",4.65,3621.0,https://www.prozis.com/es/es/prozis/sachet-powa-3.0-pre-workout-17.5g-apple-x-3,,,,
Sachet RIPPED Pre-Workout Ultra Concentrated 12.3 g x 3,,Pre-Entreno,4.77,0.012,397.5,Prozis,https://www.prozis.com/es/es/prozis/sachet-ripped-pre-workout-ultra-concentrated-12.3-g-x-3,//static.sscontent.com/thumb/750/750/t/products/124/v1815367_prozis_3-x-sachet-ripped-pre-workout-ultra-concentrated-123-g_1.png,2026-10-06,,,,,"['Cola', 'Limón', 'Mango y Melocotón', 'Melocotón y fruta de la pasión']",5.0,14.0,https://www.prozis.com/es/es/prozis/sachet-ripped-pre-workout-ultra-concentrated-12.3-g-x-3,,,,
Cafeína + Taurina 60 Caps 60caps,Biotech Usa,Pre-Entreno,11.5,,,Nutritienda,https://www.nutritienda.com/es/biotech-usa/cafeina-taurina-60-capsulas,https://imagedelivery.net/-uGyOE-KT6ZqyPmPyh8-iw/39266173-83fe-49a9-7bd4-8016610a7a00/public,2026-10-06,,,,,,4.6,21.0,https://www.nutritienda.com/es/biotech-usa/cafeina-taurina-60-capsulas,,,,
Musclecore Hell's NO2 Pre-entreno 100 cápsulas 100caps,Amix Nutrition,Pre-Entreno,31.45,,,Nutritienda,https://www.nutritienda.com/es/amix-nutrition-hells-no2-100caps,https://imagedelivery.net/-uGyOE-KT6ZqyPmPyh8-iw/d152a076-9e01-4a04-a276-29fa0e12eb00/public,2026-10-06,,,,,,4.4,40.0,https://www.nutritienda.com/es/amix-nutrition-hells-no2-100caps,,,,
Amix Guarex Energy Shot 60ml - Energía y Concentración 20viales,Amix Nutrition,Pre-Entreno,36.55,,,Nutritienda,https://www.nutritienda.com/es/amix-nutrition/guarex-energy-mental-shot-20-viales-de-60ml,https://imagedelivery.net/-uGyOE-KT6ZqyPmPyh8-iw/9e32aa2b-c867-4569-acce-8e424b2ec000/public,2026-10-06,,,,,,5.0,1.0,https://www.nutritienda.com/es/amix-nutrition/guarex-energy-mental-shot-20-viales-de-60ml,,,,
Cafeína 200 mg 120 Tabs 120tabs,Hsn,Pre-Entreno,5.33,,,Nutritienda,https://www.nutritienda.com/es/hsn/cafena-200-mg-120-tabletas,https://imagedelivery.net/-uGyOE-KT6ZqyPmPyh8-iw/2f9d6a3e-d4ae-44f3-d788-c55f1dd9ca00/public,2026-10-06,,,,,,,,,,,,
NITRIX 2.0 - 180 Tabs 180tabs,Bsn,Pre-Entreno,36.9,,,Nutritienda,https://www.nutritienda.com/es/bsn/nitrix-2-0-180-tabs,https://imagedelivery.net/-uGyOE-KT6ZqyPmPyh8-iw/eeeca20b-3482-4326-90d9-277a95fa2a00/public,2026-10-06,,,,,,4.6,51.0,https://www.nutritienda.com/es/bsn/nitrix-2-0-180-tabs,,,,
Infisport Pure Caf Cafeína 150mg - 120 Cápsulas 120caps,Infisport,Pre-Entreno,10.85,,,Nutritienda,https://www.nutritienda.com/es/infisport/purecaf-150-mg-120-caps,https://imagedelivery.net/-uGyOE-KT6ZqyPmPyh8-iw/8ccce9bb-4ea1-41d2-e597-97fa41966500/public,2026-10-06,,,,,,,,,,,,
Gold Standard Pre-Workout Energy Shot 12 Uds 60 ml 12ud,Optimum Nutrition,Pre-Entreno,30.0,,,Nutritienda,https://www.nutritienda.com/es/optimum-nutrition/gold-standard-pre-workout-energy-shot-12-unidades-60-ml,https://imagedelivery.net/-uGyOE-KT6ZqyPmPyh8-iw/0ddda6bf-6954-46ff-918a-31cbca3c0800/public,2026-10-06,,,,,,,,,,,,
MONSTER ULTRA RED 500ml 1ud,Monster Energy,Pre-Entreno,1.75,,,Nutritienda,https://www.nutritienda.com/es/monster-energy/monster-ultra-red,https://imagedelivery.net/-uGyOE-KT6ZqyPmPyh8-iw/420f1cef-4de0-4f4e-14e6-a87869781c00/public,2026-10-06,,,,,,4.7,11.0,https://www.nutritienda.com/es/monster-energy/monster-ultra-red,,,,
MONSTER ULTRA WHITE 500ml 1ud,Monster Energy,Pre-Entreno,1.75,,,Nutritienda,https://www.nutritienda.com/es/monster-energy/monster-ultra-white,https://imagedelivery.net/-uGyOE-KT6ZqyPmPyh8-iw/73e30772-1f28-425f-6666-b83880535f00/public,2026-10-06,,,,,,4.8,13.0,https://www.nutritienda.com/es/monster-energy/monster-ultra-white,,,,
Nocco BCAA 330ml - Rico en BCAA y cafeína 1latas,Nocco,Pre-Entreno,1.95,,,Nutritienda,https://www.nutritienda.com/es/nocco/nocco-bcaa,https://imagedelivery.net/-uGyOE-KT6ZqyPmPyh8-iw/c80bede0-3a18-489e-a461-0933b9ee0600/public,2026-10-06,,,,,,4.6,84.0,https://www.nutritienda.com/es/nocco/nocco-bcaa,,,,
MONSTER PUNCH MIXXD 500ml 1ud,Monster Energy,Pre-Entreno,1.75,,,Nutritienda,https://www.nutritienda.com/es/monster-energy/monster-punch-mixx,https://imagedelivery.net/-uGyOE-KT6ZqyPmPyh8-iw/6cf9ae72-28f4-4fd4-8dea-813f56cc0100/public,2026-10-06,,,,,,4.8,10.0,https://www.nutritienda.com/es/monster-energy/monster-punch-mixx,,,,
Monster Absolutely Zero 500ml 1ud,Monster Energy,Pre-Entreno,1.75,,,Nutritienda,https://www.nutritienda.com/es/monster-energy/monster-absolutely-zero,https://imagedelivery.net/-uGyOE-KT6ZqyPmPyh8-iw/1b6c094a-9775-4bb7-62f5-efe0c9aa8000/public,2026-10-06,,,,,,4.6,15.0,https://www.nutritienda.com/es/monster-energy/monster-absolutely-zero,,,,
Monster Rehab Lemonade 500ml 1ud,Monster Energy,Pre-Entreno,1.75,,,Nutritienda,https://www.nutritienda.com/es/monster-energy/monster-rehab-lemonade,https://imagedelivery.net/-uGyOE-KT6ZqyPmPyh8-iw/313ac86b-875e-4aa7-e661-60fa898e4a00/public,2026-10-06,,,,,,4.8,21.0,https://www.nutritienda.com/es/monster-energy/monster-rehab-lemonade,,,,
MONSTER RIPPER 500ml 1ud,Monster Energy,Pre-Entreno,1.75,,,Nutritienda,https://www.nutritienda.com/es/monster-energy/monster-ripper,https://imagedelivery.net/-uGyOE-KT6ZqyPmPyh8-iw/abfda1dd-3645-4f49-3e06-8e7fc8dddc00/public,2026-10-06,,,,,,4.5,4.0,https://www.nutritienda.com/es/monster-energy/monster-ripper,,,,
MONSTER JUICE MANGO LOCO 500ml 1ud,Monster Energy,Pre-Entreno,1.75,,,Nutritienda,https://www.nutritienda.com/es/monster-energy/monster-mango-loco,https://imagedelivery.net/-uGyOE-KT6ZqyPmPyh8-iw/9690ba67-b120-4f95-7883-b2ae50b6df00/public,2026-10-06,,,,,,4.9,8.0,https://www.nutritienda.com/es/monster-energy/monster-mango-loco,,,,
4-PRO Cafeína 200mg - Energía y Concentración 100tabs,4pro Nutrition,Pre-Entreno,8.99,,,Nutritienda,https://www.nutritienda.com/es/4pro-nutrition/caffeine-200-100-tabletas,https://imagedelivery.net/-uGyOE-KT6ZqyPmPyh8-iw/d971c1d9-7cac-4ccf-e04c-722953b25300/public,2026-10-06,,,,,,5.0,4.0,https://www.nutritienda.com/es/4pro-nutrition/caffeine-200-100-tabletas,,,,
Monster Ultra Paradise 500 ml 500ml,Monster Energy,Pre-Entreno,1.75,,,Nutritienda,https://www.nutritienda.com/es/monster-energy/monster-energy-ultra-paradise,https://imagedelivery.net/-uGyOE-KT6ZqyPmPyh8-iw/3107da41-5cd5-4fe9-b422-0551c0c83200/public,2026-10-06,,,,,,4.9,11.0,https://www.nutritienda.com/es/monster-energy/monster-energy-ultra-paradise,,,,
No -Cramp 12 Viales 60 ml 12viales,Scientiffic Nutrition,Pre-Entreno,33.6,,,Nutritienda,https://www.nutritienda.com/es/scientiffic-nutrition/no-cramp-12-viales-60-ml,https://imagedelivery.net/-uGyOE-KT6ZqyPmPyh8-iw/b9a5975d-b82d-4cbe-2ea8-ffffcc499700/public,2026-10-06,,,,,,,,,,,,
L-carnitina + taurina líquidas,,Pre-Entreno,21.09,,,HSN,https://www.hsnstore.com/marcas/sport-series/l-carnitina-taurina-liquidas,https://www.hsnstore.com/media/catalog/product/cache/67ee89799642c567a71fc92f3699d937/l/-/l-carnitine-taurine-20-vials-box-lemon-gral-front-hsn_1_1.webp,2026-10-06,,,,False,,,,,,,,
Evopump,,Pre-Entreno,31.35,,,HSN,https://www.hsnstore.com/marcas/sport-series/evopump,https://www.hsnstore.com/media/catalog/product/cache/67ee89799642c567a71fc92f3699d937/e/v/evopump-gral-veg-caps-front-hsn_1_1.webp,2026-10-06,,,30.0,False,,4.6,23.0,https://www.hsnstore.com/marcas/sport-series/evopump,,,,
Evoripped,,Pre-Entreno,22.9,,,HSN,https://www.hsnstore.com/marcas/sport-series/evoripped,https://www.hsnstore.com/media/catalog/product/cache/67ee89799642c567a71fc92f3699d937/e/v/evoripped-gral-veg-caps-front-hsn_1_1.webp,2026-10-06,,,120.0,False,,4.75,355.0,https://www.hsnstore.com/marcas/sport-series/evoripped,,,,
Beta-alanina 1000mg (CarnoSyn®),,Pre-Entreno,17.04,,,HSN,https://www.hsnstore.com/marcas/essential-series/beta-alanina-1000mg-carnosyn,https://www.hsnstore.com/media/catalog/product/cache/67ee89799642c567a71fc92f3699d937/c/a/carnosyn-beta-alanine-tabs-hsn_1.webp,2026-10-06,,,60.0,False,,4.8,35.0,https://www.hsnstore.com/marcas/essential-series/beta-alanina-1000mg-carnosyn,,,,
Arginina alfa-cetoglutarato 1000mg (AAKG),,Pre-Entreno,10.21,,,HSN,https://www.hsnstore.com/marcas/essential-series/arginina-alfa-cetoglutarato-1000mg-aakg,https://www.hsnstore.com/media/catalog/product/cache/67ee89799642c567a71fc92f3699d937/a/a/aakg-1000mg-veg-caps-hsn_1.jpg,2026-10-06,,,120.0,False,,4.85,136.0,https://www.hsnstore.com/marcas/essential-series/arginina-alfa-cetoglutarato-1000mg-aakg,,,,
L-ALANIL-L-glutamina 300mg,,Pre-Entreno,22.79,,,HSN,https://www.hsnstore.com/marcas/essential-series/l-alanil-l-glutamina-300mg,https://www.hsnstore.com/media/catalog/product/cache/67ee89799642c567a71fc92f3699d937/l/-/l-alanyl-l-glutamine-300mg-gral-veg-caps-front-hsn_1_1.webp,2026-10-06,,,120.0,False,,5.0,1.0,https://www.hsnstore.com/marcas/essential-series/l-alanil-l-glutamina-300mg,,,,
Extracto de amaranto Oxystorm® (50:1) 650mg,,Pre-Entreno,23.45,,,HSN,https://www.hsnstore.com/marcas/essential-series/extracto-de-amaranto-oxystorm-50-1-650mg,https://www.hsnstore.com/media/catalog/product/cache/67ee89799642c567a71fc92f3699d937/a/m/amaranthus-extract-oxystorm-650mg-gral-veg-caps-front-hsn_1_1.webp,2026-10-06,,,40.0,False,,4.8,3.0,https://www.hsnstore.com/marcas/essential-series/extracto-de-amaranto-oxystorm-50-1-650mg,,,,
Cutting complex,,Pre-Entreno,15.43,,,HSN,https://www.hsnstore.com/marcas/vitaminalia/cutting-complex,https://www.hsnstore.com/media/catalog/product/cache/67ee89799642c567a71fc92f3699d937/c/u/cutting-complex-general-can-front-v2-vitaminalia_1.webp,2026-10-06,,,180.0,False,,4.75,12.0,https://www.hsnstore.com/marcas/vitaminalia/cutting-complex,,,,
Big Shot - Pre-Workout 46 servings,,Pre-Entreno,24.99,,,Prozis,https://www.prozis.com/es/es/prozis/big-shot-pre-workout-46-servings,//static.sscontent.com/thumb/750/750/t/products/124/v1718232_prozis_big-shot-pre-workout-46-servings_1.png,2026-10-06,,,,,"['Flash Cola', 'Frambuesa', 'Mango y Melocotón', 'Melocotón y fruta de la pasión', 'Mojito', 'Naranja']",4.63,16952.0,https://www.prozis.com/es/es/prozis/big-shot-pre-workout-46-servings,,,,
Extreme Big Shot - Pre-Workout 20 servings,,Pre-Entreno,12.5,,,Prozis,https://www.prozis.com/es/es/prozis/extreme-big-shot-pre-workout-20-servings,//static.sscontent.com/thumb/750/750/t/products/124/v1722384_prozis_extreme-big-shot-pre-workout-20-servings_1.png,2026-10-06,,,,,"['Flash Cola', 'Frambuesa', 'Mango y Melocotón', 'Melocotón y fruta de la pasión', 'Mojito', 'Naranja']",4.91,237.0,https://www.prozis.com/es/es/prozis/extreme-big-shot-pre-workout-20-servings,,,,
12 x Big Shot - Pre-Workout 60 mL,,Pre-Entreno,14.99,,,Prozis,https://www.prozis.com/es/es/prozis/12-x-big-shot-pre-workout-60-ml,//static.sscontent.com/thumb/750/750/t/products/124/v1735946_prozis_12-x-big-shot-pre-workout-60-ml_1.png,2026-10-06,,,,,"['Flash Cola', 'Frambuesa']",4.58,6524.0,https://www.prozis.com/es/es/prozis/12-x-big-shot-pre-workout-60-ml,,,,
POWA 3.0 Pre-Workout 20 servings,,Pre-Entreno,22.49,,,Prozis,https://www.prozis.com/es/es/prozis/powa-3.0-pre-workout-20-servings,//static.sscontent.com/thumb/750/750/t/products/124/v1827026_prozis_powa-30-pre-workout-20-servings_1.png,2026-10-06,,,,,"['Cola', 'Manzana']",4.65,3621.0,https://www.prozis.com/es/es/prozis/powa-3.0-pre-workout-20-servings,,,,
L-citrulina 2250 mg 90 comprimidos,,Pre-Entreno,14.39,,,Prozis,https://www.prozis.com/es/es/prozis/l-citrulina-2250-mg-90-comprimidos,//static.sscontent.com/thumb/750/750/t/products/124/v1098607_prozis_l-citrulline-2250-mg-90-tabs_1.png,2026-10-06,,,,,,4.62,785.0,https://www.prozis.com/es/es/prozis/l-citrulina-2250-mg-90-comprimidos,,,,
Big Shot - Pre-Workout sin cafeína 46 dosis,,Pre-Entreno,18.74,,,Prozis,https://www.prozis.com/es/es/prozis/big-shot-pre-workout-sin-cafeina-46-dosis,//static.sscontent.com/thumb/750/750/t/products/124/v1719847_prozis_big-shot-pre-workout-caffeine-free-46-servings_1.png,2026-10-06,,,,,"['Flash Cola', 'Frambuesa']",4.63,1617.0,https://www.prozis.com/es/es/prozis/big-shot-pre-workout-sin-cafeina-46-dosis,,,,
RIPPED Pre-Workout 30 dosis,,Pre-Entreno,27.99,,,Prozis,https://www.prozis.com/es/es/prozis/ripped-pre-workout-30-dosis,//static.sscontent.com/thumb/750/750/t/products/124/v1815253_prozis_ripped-pre-workout-30-servings_1.png,2026-10-06,,,,,"['Cola', 'Limón', 'Mango y Melocotón', 'Melocotón y fruta de la pasión']",4.86,7.0,https://www.prozis.com/es/es/prozis/ripped-pre-workout-30-dosis,,,,
Big Shot - Pre-Workout 23 servings,,Pre-Entreno,11.99,,,Prozis,https://www.prozis.com/es/es/prozis/big-shot-pre-workout-23-servings,//static.sscontent.com/thumb/750/750/t/products/124/v1682695_prozis_big-shot-pre-workout-23-servings_1.png,2026-10-06,,,,,"['Flash Cola', 'Frambuesa', 'Mango y Melocotón', 'Melocotón y fruta de la pasión', 'Mojito', 'Naranja']",4.63,16952.0,https://www.prozis.com/es/es/prozis/big-shot-pre-workout-23-servings,,,,
X-Boost - Ultimate Gaming Pre-Workout 25 servings,,Pre-Entreno,26.24,,,Prozis,https://www.prozis.com/es/es/prozis/x-boost-ultimate-gaming-pre-workout-25-servings,//static.sscontent.com/thumb/750/750/t/products/124/v1782967_prozis_x-boost-ultimate-gaming-pre-workout-25-servings_1.png,2026-10-06,,,,,"['Cítricos', 'Cola', 'Frutos del bosque']",4.79,198.0,https://www.prozis.com/es/es/prozis/x-boost-ultimate-gaming-pre-workout-25-servings,,,,
L-arginina 2400 mg 90 comprimidos,,Pre-Entreno,7.5,,,Prozis,https://www.prozis.com/es/es/prozis/l-arginina-2400-mg-90-comprimidos,//static.sscontent.com/thumb/750/750/t/products/124/v1836047_prozis_l-arginine-2400-mg-90-tabs_1.png,2026-10-06,,,,,,4.46,3888.0,https://www.prozis.com/es/es/prozis/l-arginina-2400-mg-90-comprimidos,,,,
AAKG - L-arginina AKG 60 cápsulas,,Pre-Entreno,6.29,,,Prozis,https://www.prozis.com/es/es/prozis/aakg-l-arginina-akg-60-capsulas,//static.sscontent.com/thumb/750/750/t/products/124/v1393293_prozis_aakg-l-arginine-akg-60-caps_1.png,2026-10-06,,,,,,4.53,1134.0,https://www.prozis.com/es/es/prozis/aakg-l-arginina-akg-60-capsulas,,,,
Beta-alanina 100 cápsulas,,Pre-Entreno,9.09,,,Prozis,https://www.prozis.com/es/es/prozis/beta-alanina-100-capsulas,//static.sscontent.com/thumb/750/750/t/products/124/v1676457_prozis_beta-alanine-100-caps_1.png,2026-10-06,,,,,,4.56,1349.0,https://www.prozis.com/es/es/prozis/beta-alanina-100-capsulas,,,,
Big Shot - Pre-Workout - 8 sticks,,Pre-Entreno,6.29,,,Prozis,https://www.prozis.com/es/es/prozis/big-shot-pre-workout-8-sticks,//static.sscontent.com/thumb/750/750/t/products/124/v1519375_prozis_big-shot-pre-workout-8-sticks_1.png,2026-10-06,,,,,"['Flash Cola', 'Frambuesa', 'Mango y Melocotón', 'Melocotón y fruta de la pasión', 'Mojito', 'Naranja']",4.63,16952.0,https://www.prozis.com/es/es/prozis/big-shot-pre-workout-8-sticks,,,,
Big Shot - Pre-Workout 100 caps,,Pre-Entreno,13.99,,,Prozis,https://www.prozis.com/es/es/prozis/big-shot-pre-workout-100-caps,//static.sscontent.com/thumb/750/750/t/products/124/v1814232_prozis_big-shot-pre-workout-100-caps_1.png,2026-10-06,,,,,,5.0,3.0,https://www.prozis.com/es/es/prozis/big-shot-pre-workout-100-caps,,,,
L-arginina L-ornitina L-lisina 120 cápsulas,,Pre-Entreno,8.79,,,Prozis,https://www.prozis.com/es/es/prozis/l-arginina-l-ornitina-l-lisina-120-capsulas,//static.sscontent.com/thumb/750/750/t/products/124/v1474552_prozis_l-arginine-l-ornithine-l-lysine-120-caps_1.png,2026-10-06,,,,,,4.54,1456.0,https://www.prozis.com/es/es/prozis/l-arginina-l-ornitina-l-lisina-120-capsulas,,,,
Beta-Alanine 90 cápsulas,,Pre-Entreno,7.49,,,Prozis,https://www.prozis.com/es/es/prozis/beta-alanine-90-capsulas,//static.sscontent.com/thumb/750/750/t/products/124/v1712498_prozis_beta-alanine-90-caps_1.png,2026-10-06,,,,,,4.7,600.0,https://www.prozis.com/es/es/prozis/beta-alanine-90-capsulas,,,,
CogniView - Ultimate Gaming Cognitive & Vision Complex - 60 caps,,Pre-Entreno,15.99,,,Prozis,https://www.prozis.com/es/es/prozis/cogniview-ultimate-gaming-cognitive-vision-complex-60-caps,//static.sscontent.com/thumb/750/750/t/products/124/v1764954_prozis_cogniview-ultimate-gaming-cognitive--vision-complex-60-caps_1.png,2026-10-06,,,,,,5.0,1.0,https://www.prozis.com/es/es/prozis/cogniview-ultimate-gaming-cognitive-vision-complex-60-caps,,,,
Big Shot - Pre-Workout 60ml x 2,,Pre-Entreno,2.7,,,Prozis,https://www.prozis.com/es/es/prozis/big-shot-pre-workout-60ml-x-2,//static.sscontent.com/thumb/750/750/t/products/124/v1736042_prozis_2-x-big-shot-pre-workout-60ml_1.png,2026-10-06,,,,,"['Flash Cola', 'Frambuesa']",4.58,6524.0,https://www.prozis.com/es/es/prozis/big-shot-pre-workout-60ml-x-2,,,,
POWA 3.0 Pre-Workout 40 servings,,Pre-Entreno,39.99,,,Prozis,https://www.prozis.com/es/es/prozis/powa-3.0-pre-workout-40-servings,//static.sscontent.com/thumb/750/750/t/products/124/v1538385_prozis_powa-30-pre-workout-40-servings_1.png,2026-10-06,,,,,"['Cola', 'Manzana']",4.65,3621.0,https://www.prozis.com/es/es/prozis/powa-3.0-pre-workout-40-servings,,,,
AAKG - L-arginina AKG 180 cápsulas,,Pre-Entreno,16.19,,,Prozis,https://www.prozis.com/es/es/prozis/aakg-l-arginina-akg-180-capsulas,//static.sscontent.com/thumb/750/750/t/products/124/v1398695_prozis_aakg-l-arginine-akg-180-caps_1.png,2026-10-06,,,,,,4.69,458.0,https://www.prozis.com/es/es/prozis/aakg-l-arginina-akg-180-capsulas,,,,
L-Arginina 2400 mg 180 comprimidos,,Pre-Entreno,21.58,,,Prozis,https://www.prozis.com/es/es/prozis/l-arginina-2400-mg-180-comprimidos,//static.sscontent.com/thumb/750/750/t/products/124/v1836061_prozis_l-arginine-2400-mg-180-tabs_1.png,2026-10-06,,,,,,4.67,839.0,https://www.prozis.com/es/es/prozis/l-arginina-2400-mg-180-comprimidos,,,,
L-arginina L-ornitina L-lisina 360 cápsulas,,Pre-Entreno,19.99,,,Prozis,https://www.prozis.com/es/es/prozis/l-arginina-l-ornitina-l-lisina-360-capsulas,//static.sscontent.com/thumb/750/750/t/products/124/v1474563_prozis_l-arginine-l-ornithine-l-lysine-360-caps_1.png,2026-10-06,,,,,,4.69,378.0,https://www.prozis.com/es/es/prozis/l-arginina-l-ornitina-l-lisina-360-capsulas,,,,
Big Shot - Pre-Workout 90 tabs,,Pre-Entreno,17.09,,,Prozis,https://www.prozis.com/es/es/prozis/big-shot-pre-workout-90-tabs,//static.sscontent.com/thumb/750/750/t/products/124/v1067347_prozis_big-shot-pre-workout-90-tabs_1.png,2026-10-06,,,,,,4.49,325.0,https://www.prozis.com/es/es/prozis/big-shot-pre-workout-90-tabs,,,True,
Big Shot - Pre-Workout 180 tabs,,Pre-Entreno,26.99,,,Prozis,https://www.prozis.com/es/es/prozis/big-shot-pre-workout-180-tabs,//static.sscontent.com/thumb/750/750/t/products/124/v1067357_prozis_big-shot-pre-workout-180-tabs_1.png,2026-10-06,,,,,,4.62,234.0,https://www.prozis.com/es/es/prozis/big-shot-pre-workout-180-tabs,,,True,
N.O. MaxShot 60ml x 2,,Pre-Entreno,3.22,,,Prozis,https://www.prozis.com/es/es/prozis/n.o.-maxshot-60ml-x-2,//static.sscontent.com/thumb/750/750/t/products/124/v1281126_prozis_2-x-no-maxshot-60ml_1.png,2026-10-06,,,,,['Limón'],4.39,5725.0,https://www.prozis.com/es/es/prozis/n.o.-maxshot-60ml-x-2,,,True,
Cafeína Pura Comprimidos,,Pre-Entreno,10.99,,,MyProtein,https://www.myprotein.es/p/nutricion-deportiva/cafeina-pura-comprimidos/10529801/,https://main.thgimages.com?url=https://static.thcdn.com/productimg/original/10529801-1514860398736027.jpg&format=webp&width=1500&height=1500&fit=cover,2026-10-06,,,,,,4.74,124.0,https://www.myprotein.es/p/nutricion-deportiva/cafeina-pura-comprimidos/10529801/,,True,,
THE Electrofuel - HYROX,,Pre-Entreno,18.99,,,MyProtein,https://www.myprotein.es/p/nutricion-deportiva/the-electrofuel-hyrox/15152024/,https://main.thgimages.com?url=https://static.thcdn.com/productimg/original/16528072-8055279535148785.jpg&format=webp&width=1500&height=1500&fit=cover,2026-10-06,,,,,"['Sin Sabor', 'Frambuesa y Limonada', 'Naranja y Mango', 'Cereza Negra']",4.5,2.0,https://www.myprotein.es/p/nutricion-deportiva/the-electrofuel-hyrox/15152024/,,True,,
THE Electro - HYROX,,Pre-Entreno,22.99,,,MyProtein,https://www.myprotein.es/p/nutricion-deportiva/the-electro-hyrox/14205282/,https://main.thgimages.com?url=https://static.thcdn.com/productimg/original/16526599-1865286538541916.png&format=webp&width=1500&height=1500&fit=cover,2026-10-06,,,,,"['Sin Sabor', 'Cereza Negra', 'Pina Colada', 'Lychee', 'Cítrico', 'Mango Hibisco', 'Sandía', 'Naranja', 'Strawberry Margarita']",4.0,5.0,https://www.myprotein.es/p/nutricion-deportiva/the-electro-hyrox/14205282/,,True,,
L-Carnitina Comprimidos,,Pre-Entreno,6.99,,,MyProtein,https://www.myprotein.es/p/nutricion-deportiva/l-carnitina-comprimidos/10530146/,https://main.thgimages.com?url=https://static.thcdn.com/productimg/original/10530147-1985263157466660.jpg&format=webp&width=1500&height=1500&fit=cover,2026-10-06,,,,,,4.54,117.0,https://www.myprotein.es/p/nutricion-deportiva/l-carnitina-comprimidos/10530146/,,True,,
THE Pre-Workout,,Pre-Entreno,19.99,,,MyProtein,https://www.myprotein.es/p/nutricion-deportiva/the-pre-workout/11351672/,https://main.thgimages.com?url=https://static.thcdn.com/productimg/original/15150230-1155253818736249.jpg&format=webp&width=1500&height=1500&fit=cover,2026-10-06,,,,,"['Frambuesa Azul', 'Naranja y Fruta de la Pasión']",4.21,34.0,https://www.myprotein.es/p/nutricion-deportiva/the-pre-workout/11351672/,,True,,
Thermopure,,Pre-Entreno,9.99,,,MyProtein,https://www.myprotein.es/p/nutricion-deportiva/thermopure/10530152/,https://main.thgimages.com?url=https://static.thcdn.com/productimg/original/10530152-1554860398902428.jpg&format=webp&width=1500&height=1500&fit=cover,2026-10-06,,,,,,4.55,175.0,https://www.myprotein.es/p/nutricion-deportiva/thermopure/10530152/,,True,,
L-glutamina Comprimidos,,Pre-Entreno,14.99,,,MyProtein,https://www.myprotein.es/p/nutricion-deportiva/l-glutamina-comprimidos/10575971/,https://main.thgimages.com?url=https://static.thcdn.com/productimg/original/10575971-8454860398486322.jpg&format=webp&width=1500&height=1500&fit=cover,2026-10-06,,,,,,,,,,True,,
Shot Pre-Entreno,,Pre-Entreno,19.99,,,MyProtein,https://www.myprotein.es/p/nutricion-deportiva/shot-pre-entreno/12717736/,https://main.thgimages.com?url=https://static.thcdn.com/productimg/original/12717737-9285230766936724.jpg&format=webp&width=1500&height=1500&fit=cover,2026-10-06,,,,,['Bayas Agrias'],5.0,2.0,https://www.myprotein.es/p/nutricion-deportiva/shot-pre-entreno/12717736/,,True,,
L-Carnitina Líquida,,Pre-Entreno,20.99,,,MyProtein,https://www.myprotein.es/p/nutricion-deportiva/l-carnitina-liquida/11162594/,https://main.thgimages.com?url=https://static.thcdn.com/productimg/original/11162594-1144860398850930.jpg&format=webp&width=1500&height=1500&fit=cover,2026-10-06,,,,,,5.0,4.0,https://www.myprotein.es/p/nutricion-deportiva/l-carnitina-liquida/11162594/,,True,,
Gominolas Pre-Entreno,,Pre-Entreno,21.99,,,MyProtein,https://www.myprotein.es/p/nutricion-deportiva/gominolas-pre-entreno/12899623/,https://main.thgimages.com?url=https://static.thcdn.com/productimg/original/14921024-5125170364490654.jpg&format=webp&width=1500&height=1500&fit=cover,2026-10-06,,,,,['Cola'],,,,,True,,
Impact EAA Tablets,,Pre-Entreno,42.99,,,MyProtein,https://www.myprotein.es/p/nutricion-deportiva/impact-eaa-tablets/12493001/,https://main.thgimages.com?url=https://static.thcdn.com/productimg/original/12493001-9305262138420108.jpg&format=webp&width=1500&height=1500&fit=cover,2026-10-06,,,,,,,,,,True,,
Impact Pre-Entreno – Deadpool,,Pre-Entreno,38.99,,,MyProtein,https://www.myprotein.es/p/nutricion-deportiva/impact-pre-entreno-deadpool/15771600/,https://main.thgimages.com?url=https://static.thcdn.com/productimg/original/15271373-1605192172980580.jpg&format=webp&width=1500&height=1500&fit=cover,2026-10-06,,,,,"['Cereza', 'Lemonade']",,,,,True,,
HMB Comprimidos,,Pre-Entreno,12.49,,,MyProtein,https://www.myprotein.es/p/nutricion-deportiva/hmb-comprimidos/10636952/,https://main.thgimages.com?url=https://static.thcdn.com/productimg/original/14234046-1145294264710698.jpg&format=webp&width=1500&height=1500&fit=cover,2026-10-06,,,,,,,,,,True,,
Proteína de soja aislada 2.0 2kg,,Proteinas Whey,18.99,2.0,9.49,HSN,https://www.hsnstore.com/marcas/essential-series/proteina-de-soja-aislada-2-0,https://www.hsnstore.com/media/catalog/product/cache/67ee89799642c567a71fc92f3699d937/s/o/soy-protein-isolate-gral-front-v03-hsn_1_1.webp,2026-10-06,26.0,30.0,17.0,False,"['café y caramelo', 'caramelo salado', 'chocolate', 'fresa', 'manzana', 'speculoos', 'vainilla', 'bombón de chocolate y avellanas', 'mango - matcha', 'mango y piña', 'natilla', 'sin sabor', 'strudel de manzana', 'té chai con leche']",4.65,3375.0,https://www.hsnstore.com/marcas/essential-series/proteina-de-soja-aislada-2-0,vegetal,,,
Crema de arroz 2.6kg,,Proteinas Whey,27.49,2.6,10.57,MyProtein,https://www.myprotein.es/p/nutricion-deportiva/crema-de-arroz/13337581/,https://main.thgimages.com?url=https://static.thcdn.com/productimg/original/15049898-1475260293336852.jpg&format=webp&width=1500&height=1500&fit=cover,2026-10-06,,,,,"['Cinnamon Roll', 'Chocolate y Caramelo (Fudge)', 'Helado de Vainilla', 'Sin Sabor']",4.4,5.0,https://www.myprotein.es/p/nutricion-deportiva/crema-de-arroz/13337581/,,True,,
Proteína de arroz integral concentrada 2kg,,Proteinas Whey,22.75,2.0,11.38,HSN,https://www.hsnstore.com/marcas/essential-series/proteina-de-arroz-integral-concentrada,https://www.hsnstore.com/media/catalog/product/cache/67ee89799642c567a71fc92f3699d937/r/i/rice-protein-powder-hsn_1.jpg,2026-10-06,26.0,30.0,67.0,False,['sin sabor'],4.55,353.0,https://www.hsnstore.com/marcas/essential-series/proteina-de-arroz-integral-concentrada,vegetal,,,
Proteína de guisante aislada 2.0 2kg,,Proteinas Whey,22.9,2.0,11.45,HSN,https://www.hsnstore.com/marcas/essential-series/proteina-de-guisante-aislada-2-0,https://www.hsnstore.com/media/catalog/product/p/e/pea-protein-isolate-powder-hsn_1.jpg,2026-10-06,23.0,30.0,67.0,False,"['café frappé', 'caramelo salado', 'chocolate', 'chocolate y avellanas', 'fresa', 'mango - matcha', 'mango tropical', 'speculoos', 'vainilla', 'vainilla y caramelo', 'bayas rojas', 'sin sabor', 'strudel de manzana']",4.6,2857.0,https://www.hsnstore.com/marcas/essential-series/proteina-de-guisante-aislada-2-0,vegetal,,,
Evobeef 2.0 (hidrolizado de carne) + leucina extra 2kg,,Proteinas Whey,23.05,2.0,11.53,HSN,https://www.hsnstore.com/marcas/sport-series/evobeef-hidrolizado-de-carne-2-0-leucina-extra,https://www.hsnstore.com/media/catalog/product/cache/67ee89799642c567a71fc92f3699d937/e/v/evobeef-hsn_1.jpg,2026-10-06,28.0,30.0,67.0,False,"['café y caramelo', 'chocolate y caramelo']",4.7,368.0,https://www.hsnstore.com/marcas/sport-series/evobeef-hidrolizado-de-carne-2-0-leucina-extra,carne,,,
Origin Mass Gainer 2.74kg,,Proteinas Whey,32.99,2.74,12.04,MyProtein,https://www.myprotein.es/p/nutricion-deportiva/origin-mass-gainer/15607337/,https://main.thgimages.com?url=https://static.thcdn.com/productimg/original/15607338-1665255611461330.jpg&format=webp&width=1500&height=1500&fit=cover,2026-10-06,,,,,"['Chocolate Sundae', 'Galleta de Caramelo', 'Vanilla Pudding']",4.5,2.0,https://www.myprotein.es/p/nutricion-deportiva/origin-mass-gainer/15607337/,,True,,
Advanced Weight Gainer 2.5kg,,Proteinas Whey,34.09,2.5,13.64,MyProtein,https://www.myprotein.es/p/nutricion-deportiva/advanced-weight-gainer/10615587/,https://main.thgimages.com?url=https://static.thcdn.com/productimg/original/10615587-1225180242397985.jpg&format=webp&width=1500&height=1500&fit=cover,2026-10-06,,,,,"['Crema de Chocolate', 'Crema de Fresas', 'Vainilla', 'Sin Sabor - Nuevo y Mejorado']",4.42,114.0,https://www.myprotein.es/p/nutricion-deportiva/advanced-weight-gainer/10615587/,,True,,
Proteína de cáñamo orgánico 2kg,,Proteinas Whey,28.49,2.0,14.24,HSN,https://www.hsnstore.com/marcas/essential-series/proteina-de-canamo-organico,https://www.hsnstore.com/media/catalog/product/cache/67ee89799642c567a71fc92f3699d937/o/r/organic-hemp-protein-powder-gral-front-hsn_1_1.webp,2026-10-06,16.0,30.0,67.0,False,['sin sabor'],,,,vegetal,,,
Aislado de Proteína de Guisante 2.88kg,,Proteinas Whey,43.99,2.88,15.27,MyProtein,https://www.myprotein.es/p/nutricion-deportiva/aislado-de-proteina-de-guisante/10530136/,https://main.thgimages.com?url=https://static.thcdn.com/productimg/original/10530136-1285183631839163.jpg&format=webp&width=1500&height=1500&fit=cover,2026-10-06,,,,,"['Caramelo Salado', 'Cafe y Nueces', 'Sin Sabor', 'Fresa', 'Chocolate']",4.23,133.0,https://www.myprotein.es/p/nutricion-deportiva/aislado-de-proteina-de-guisante/10530136/,,True,,
Aislado de proteína de leche 2kg,,Proteinas Whey,31.91,2.0,15.96,HSN,https://www.hsnstore.com/marcas/raw-series/aislado-de-proteina-de-leche,https://www.hsnstore.com/media/catalog/product/cache/67ee89799642c567a71fc92f3699d937/m/i/milk-protein-isolate-powder-hsn_1.jpg,2026-10-06,27.0,30.0,67.0,False,['sin sabor'],4.7,421.0,https://www.hsnstore.com/marcas/raw-series/aislado-de-proteina-de-leche,secuencial,,,
Evodiet vegan 2kg,,Proteinas Whey,34.2,2.0,17.1,HSN,https://www.hsnstore.com/marcas/sport-series/evodiet-vegan,https://www.hsnstore.com/media/catalog/product/cache/67ee89799642c567a71fc92f3699d937/e/v/evodiet-vegan-gral-front-v02-hsn_1_1.webp,2026-10-06,12.0,20.0,17.0,False,"['café con leche', 'chocolate', 'neutro', 'piña', 'vainilla']",4.45,13.0,https://www.hsnstore.com/marcas/sport-series/evodiet-vegan,vegetal,,,
Evopro vegan (mezcla proteínas premium) + DigeZyme® 2kg,,Proteinas Whey,34.2,2.0,17.1,HSN,https://www.hsnstore.com/marcas/sport-series/evopro-vegan-mezcla-proteinas-premium-digezyme,https://www.hsnstore.com/media/catalog/product/cache/67ee89799642c567a71fc92f3699d937/e/v/evopro-vegan-digezyme-gral-front-hsn_1.webp,2026-10-06,26.0,35.0,57.0,False,"['café helado', 'caramelo salado', 'chocolate', 'chocolate y cacahuete', 'fresa', 'mango-matcha', 'speculoos', 'strudel de manzana', 'tarta de zanahoria y plátano', 'vainilla y caramelo']",4.6,333.0,https://www.hsnstore.com/marcas/sport-series/evopro-vegan-mezcla-proteinas-premium-digezyme,vegetal,,,
Impact Plant Protein 5kg,,Proteinas Whey,86.89,5.0,17.38,MyProtein,https://www.myprotein.es/p/nutricion-deportiva/impact-plant-protein/11776868/,https://main.thgimages.com?url=https://static.thcdn.com/productimg/original/11776868-3235180485987971.jpg&format=webp&width=1500&height=1500&fit=cover,2026-10-06,,,,,"['Leche de Cúrcuma', 'Turmeric Latte V3', 'Fresa', 'Cafe y Nueces', 'Vanilla (new recipe)', 'Unflavoured (new recipe)']",3.81,120.0,https://www.myprotein.es/p/nutricion-deportiva/impact-plant-protein/11776868/,,True,,
Evocasein 2.0 (caseína micelar + DigeZyme®) 2kg,,Proteinas Whey,38.38,2.0,19.19,HSN,https://www.hsnstore.com/marcas/sport-series/evocasein-2-0-caseina-micelar-digezyme,https://www.hsnstore.com/media/catalog/product/cache/67ee89799642c567a71fc92f3699d937/e/v/evocasein-gral-front-hsn_1.webp,2026-10-06,26.0,30.0,67.0,False,"['cappuccino', 'caramelo salado', 'cereales', 'chocolate', 'chocolate blanco', 'chocolate blanco y cacahuete', 'chocolate y avellanas', 'chocolate y cacahuete', 'crema catalana', 'fresa', 'fresa y plátano', 'galleta', 'leche merengada', 'plátano', 'speculoos', 'turrón', 'vainilla', 'vainilla caribeña', 'yogurt y melocotón']",4.65,2304.0,https://www.hsnstore.com/marcas/sport-series/evocasein-2-0-caseina-micelar-digezyme,caseína,,,
Caseína micelar 2kg,,Proteinas Whey,38.38,2.0,19.19,HSN,https://www.hsnstore.com/marcas/raw-series/caseina-micelar,https://www.hsnstore.com/media/catalog/product/cache/67ee89799642c567a71fc92f3699d937/m/i/micellar-casein-powder-hsn_1.jpg,2026-10-06,27.0,30.0,67.0,False,['sin sabor'],4.7,362.0,https://www.hsnstore.com/marcas/raw-series/caseina-micelar,caseína,,,
Evowhey & oats 2kg,,Proteinas Whey,38.98,2.0,19.49,HSN,https://www.hsnstore.com/marcas/sport-series/evowhey-oats,https://www.hsnstore.com/media/catalog/product/cache/67ee89799642c567a71fc92f3699d937/e/v/evowhey-and-oats-gral-hsn_1.webp,2026-10-06,22.0,50.0,10.0,False,"['brownie', 'capuchino italiano', 'chocolate', 'chocolate blanco y limón', 'chocolate y cacahuete', 'chocolate y galletas', 'fresa y coco', 'galletas y crema', 'natilla', 'strudel de manzana', 'tarta de zanahoria y plátano', 'vainilla', 'galleta y nata']",4.75,607.0,https://www.hsnstore.com/marcas/sport-series/evowhey-oats,whey,,,
Albúmina de huevo en polvo 2kg,,Proteinas Whey,39.84,2.0,19.92,HSN,https://www.hsnstore.com/marcas/food-series/albumina-de-huevo-en-polvo,https://www.hsnstore.com/media/catalog/product/cache/67ee89799642c567a71fc92f3699d937/e/g/egg-white-powder-hsn_1.jpg,2026-10-06,26.0,30.0,67.0,False,,4.75,505.0,https://www.hsnstore.com/marcas/food-series/albumina-de-huevo-en-polvo,huevo,,,
Evoegg 2.0 (albúmina de huevo) 2kg,,Proteinas Whey,39.9,2.0,19.95,HSN,https://www.hsnstore.com/marcas/sport-series/evoegg-2-0-albumina-de-huevo,https://www.hsnstore.com/media/catalog/product/cache/67ee89799642c567a71fc92f3699d937/e/v/evoegg-hsn_1.jpg,2026-10-06,24.0,30.0,67.0,False,"['chocolate', 'chocolate blanco y limón', 'fresa', 'vainilla', 'vainilla caribeña']",4.6,321.0,https://www.hsnstore.com/marcas/sport-series/evoegg-2-0-albumina-de-huevo,huevo,,,
Evobasic whey 2kg,,Proteinas Whey,39.99,2.0,20.0,HSN,https://www.hsnstore.com/marcas/sport-series/evobasic-whey,https://www.hsnstore.com/media/catalog/product/cache/67ee89799642c567a71fc92f3699d937/e/v/evobasic-whey-gral-front-hsn_1_1.webp,2026-10-06,21.0,30.0,67.0,False,"['capuchino italiano', 'chocolate', 'fresa']",4.5,39.0,https://www.hsnstore.com/marcas/sport-series/evobasic-whey,whey,,,
Proteína de guisante texturizada 500g,,Proteinas Whey,10.21,0.5,20.42,HSN,https://www.hsnstore.com/marcas/food-series/proteina-de-guisante-texturizada,https://www.hsnstore.com/media/catalog/product/cache/67ee89799642c567a71fc92f3699d937/t/e/textured-pea-protein-gral-front-hsn_1.webp,2026-10-06,25.0,30.0,5.0,False,,4.75,62.0,https://www.hsnstore.com/marcas/food-series/proteina-de-guisante-texturizada,vegetal,,,
Proteína Vegana de Guisante y Arroz 1 Kg,Hivital,Proteinas Whey,21.27,1.0,21.27,Hivital,https://www.awin1.com/cread.php?awinmid=20039&awinaffid=2845182&ued=https%3A%2F%2Fwww.hivital.com%2Fproducto%2Fproteina-vegana%2F,https://www.hivital.com/wp-content/uploads/2025/03/Frontal-Proteina-Vegana-Attrezo-800x800-JPG.jpg,2026-10-06,,,,,,,,,,,,
Golden protein vegan 2kg,,Proteinas Whey,42.69,2.0,21.34,HSN,https://www.hsnstore.com/marcas/essential-series/golden-protein-vegan,https://www.hsnstore.com/media/catalog/product/cache/67ee89799642c567a71fc92f3699d937/g/o/golden-protein-vegan-hsn_1.jpg,2026-10-06,22.0,40.0,50.0,False,,4.8,16.0,https://www.hsnstore.com/marcas/essential-series/golden-protein-vegan,vegetal,,,
Evonative casein (Lacprodan® MicelPure™) 2kg,,Proteinas Whey,42.99,2.0,21.5,HSN,https://www.hsnstore.com/marcas/sport-series/evonative-casein-lacprodan-micelpure,https://www.hsnstore.com/media/catalog/product/cache/67ee89799642c567a71fc92f3699d937/e/v/evonative-casein-hsn_1.webp,2026-10-06,26.0,30.0,67.0,False,"['arroz con leche', 'barquillo de crema de avellana', 'bombón de chocolate y avellanas', 'chocolate', 'helado de vainilla', 'natilla', 'tarta de queso y fresa', 'tarta de queso y limón']",4.7,283.0,https://www.hsnstore.com/marcas/sport-series/evonative-casein-lacprodan-micelpure,caseína,,,
Caseína nativa (Lacprodan® MicelPure™) 2kg,,Proteinas Whey,42.99,2.0,21.5,HSN,https://www.hsnstore.com/marcas/raw-series/caseina-nativa-lacprodan-micelpure,https://www.hsnstore.com/media/catalog/product/cache/67ee89799642c567a71fc92f3699d937/n/a/native-casein-gral-front-hsn_1.webp,2026-10-06,28.0,30.0,67.0,False,,4.75,38.0,https://www.hsnstore.com/marcas/raw-series/caseina-nativa-lacprodan-micelpure,caseína,,,
Aislado de Proteína de Soja 2.7kg,,Proteinas Whey,60.49,2.7,22.4,MyProtein,https://www.myprotein.es/p/nutricion-deportiva/aislado-de-proteina-de-soja/10529701/,https://main.thgimages.com?url=https://static.thcdn.com/productimg/original/17800843-7245372284605177.jpg&format=webp&width=1500&height=1500&fit=cover,2026-10-06,,,,,"['Fresa', 'Sin Sabor', 'Chocolate Blanco', 'Chocolate Natural', 'Iced Latte', 'Crema de Cookies', 'Caramelo Salado']",4.11,278.0,https://www.myprotein.es/p/nutricion-deportiva/aislado-de-proteina-de-soja/10529701/,,True,,
Caseína de Liberación Lenta 2.7kg,,Proteinas Whey,62.69,2.7,23.22,MyProtein,https://www.myprotein.es/p/nutricion-deportiva/caseina-de-liberacion-lenta/10798909/,https://main.thgimages.com?url=https://static.thcdn.com/productimg/original/10798909-1695183632470828.jpg&format=webp&width=1500&height=1500&fit=cover,2026-10-06,,,,,,4.54,211.0,https://www.myprotein.es/p/nutricion-deportiva/caseina-de-liberacion-lenta/10798909/,,True,,
Impact Weight Gainer 3kg,,Proteinas Whey,69.99,3.0,23.33,MyProtein,https://www.myprotein.es/p/nutricion-deportiva/impact-weight-gainer/10529988/,https://main.thgimages.com?url=https://static.thcdn.com/productimg/original/17921177-9765372544550764.jpg&format=webp&width=1500&height=1500&fit=cover,2026-10-06,,,,,"['Fresa', 'Iced Latte', 'Vainilla', 'Crema de Chocolate']",4.41,85.0,https://www.myprotein.es/p/nutricion-deportiva/impact-weight-gainer/10529988/,,True,,
Smoothie proteico con colágeno 2kg,,Proteinas Whey,48.44,2.0,24.22,HSN,https://www.hsnstore.com/marcas/essential-series/smoothie-proteico-con-colageno,https://www.hsnstore.com/media/catalog/product/cache/67ee89799642c567a71fc92f3699d937/c/o/collagen-protein-smoothie-gral-front-v0-hsn_1_1.webp,2026-10-06,9.2,20.0,100.0,False,['frutos rojos'],4.9,21.0,https://www.hsnstore.com/marcas/essential-series/smoothie-proteico-con-colageno,whey,,,
Porridge de Arroz Proteico 720 g,,Proteinas Whey,17.59,0.72,24.43,Prozis,https://www.prozis.com/es/es/prozis/porridge-de-arroz-proteico-720-g,//static.sscontent.com/thumb/750/750/t/products/124/v1759895_prozis_protein-rice-porridge-720g-chocolate_1.png,2026-10-06,,,,,"['Chocolate', 'Galleta', 'Neutro', 'Speculoos', 'Toffee', 'Vainilla']",5.0,4.0,https://www.prozis.com/es/es/prozis/porridge-de-arroz-proteico-720-g,,,,
Batido Sustitutivo de Comida Army 800 g,,Proteinas Whey,19.99,0.8,24.99,Prozis,https://www.prozis.com/es/es/prozis/batido-sustitutivo-de-comida-army-800-g,//static.sscontent.com/thumb/750/750/t/products/124/v1824069_prozis_army-meal-replacement-shake-800g_1.png,2026-10-06,,,,,"['Café y Caramelo', 'Chocolate', 'Chocolate Blanco y Frambuesa', 'Toffee de Vainilla']",4.67,962.0,https://www.prozis.com/es/es/prozis/batido-sustitutivo-de-comida-army-800-g,,,,
Impact Diet Whey 5kg,,Proteinas Whey,126.49,5.0,25.3,MyProtein,https://www.myprotein.es/p/nutricion-deportiva/impact-diet-whey/10530657/,https://main.thgimages.com?url=https://static.thcdn.com/productimg/original/10530657-1295372280022416.jpg&format=webp&width=1500&height=1500&fit=cover,2026-10-06,,,,,"['Tarta De Fresas', 'Crema de Cookies', 'Chocolate con Menta', 'Café con Leche', 'Sin Sabor', 'Coco', 'Plátano', 'Brownie de Chocolate', 'Chocolate y Coco', 'Vainilla Natural', 'Natural Vanilla (new recipe)', 'Chocolate (new recipe)']",4.55,312.0,https://www.myprotein.es/p/nutricion-deportiva/impact-diet-whey/10530657/,,True,,
Mezcla de Rendimiento Todo-En-Uno 2.5kg,,Proteinas Whey,63.29,2.5,25.32,MyProtein,https://www.myprotein.es/p/nutricion-deportiva/mezcla-de-rendimiento-todo-en-uno/10530268/,https://main.thgimages.com?url=https://static.thcdn.com/productimg/original/10530268-9535185426837065.jpg&format=webp&width=1500&height=1500&fit=cover,2026-10-06,,,,,,,,,,True,,
Evopro (mezcla proteínas premium) + DigeZyme® 2kg,,Proteinas Whey,50.86,2.0,25.43,HSN,https://www.hsnstore.com/marcas/sport-series/evopro-mezcla-proteinas-premium-digezyme,https://www.hsnstore.com/media/catalog/product/cache/67ee89799642c567a71fc92f3699d937/e/v/evopro-premium-blend-digezyme-gral-hsn_1.webp,2026-10-06,25.0,30.0,67.0,False,"['barquillo de crema de avellana', 'café con leche', 'chocolate', 'fresa y plátano', 'frutos rojos', 'galleta', 'leche dulce', 'leche merengada', 'mango cremoso', 'piña cremosa', 'speculoos', 'vainilla']",4.65,452.0,https://www.hsnstore.com/marcas/sport-series/evopro-mezcla-proteinas-premium-digezyme,secuencial,,,
Caseinato de calcio 500g,,Proteinas Whey,12.94,0.5,25.88,HSN,https://www.hsnstore.com/marcas/raw-series/caseinato-de-calcio,https://www.hsnstore.com/media/catalog/product/cache/67ee89799642c567a71fc92f3699d937/c/a/calcium-caseinate-front-gral-raw-series-hsn_1_1.webp,2026-10-06,19.0,20.0,25.0,False,,4.7,92.0,https://www.hsnstore.com/marcas/raw-series/caseinato-de-calcio,caseína,,,
Proteína de garbanzo 500g,,Proteinas Whey,13.1,0.5,26.2,HSN,https://www.hsnstore.com/marcas/essential-series/proteina-de-garbanzo,https://www.hsnstore.com/media/catalog/product/cache/67ee89799642c567a71fc92f3699d937/c/h/chickpea-protein-hsn_1.jpg,2026-10-06,21.0,30.0,17.0,False,,4.45,25.0,https://www.hsnstore.com/marcas/essential-series/proteina-de-garbanzo,vegetal,,,
Whey + Fibre 700 g,,Proteinas Whey,18.39,0.7,26.27,Prozis,https://www.prozis.com/es/es/prozis/whey-fibre-700-g,//static.sscontent.com/thumb/750/750/t/products/124/v1722939_prozis_whey--fibre-700g_chocolate-hazelnuts_flavor_21.png,2026-10-06,,,,,['Chocolate y avellanas'],4.58,1088.0,https://www.prozis.com/es/es/prozis/whey-fibre-700-g,,,,
Essential Whey Protein 300g,,Proteinas Whey,7.99,0.3,26.63,MyProtein,https://www.myprotein.es/p/nutricion-deportiva/essential-whey-protein/11052699/,https://main.thgimages.com?url=https://static.thcdn.com/productimg/original/15689961-9375353913392293.jpg&format=webp&width=1500&height=1500&fit=cover,2026-10-06,,,,,"['Crema de Fresas', 'Crema de Chocolate', 'Sin Sabor', 'Vainilla']",2.17,18.0,https://www.myprotein.es/p/nutricion-deportiva/essential-whey-protein/11052699/,,True,,
Proteína de semilla de calabaza 2kg,,Proteinas Whey,54.71,2.0,27.36,HSN,https://www.hsnstore.com/marcas/essential-series/proteina-de-semilla-de-calabaza,https://www.hsnstore.com/media/catalog/product/cache/67ee89799642c567a71fc92f3699d937/p/u/pumpkin-seed-protein-hsn_1.jpg,2026-10-06,22.0,30.0,67.0,False,['sin sabor'],4.7,97.0,https://www.hsnstore.com/marcas/essential-series/proteina-de-semilla-de-calabaza,vegetal,,,
Proteína Concentrada de Suero de Leche WHEY 1 kg,Hivital,Proteinas Whey,27.77,1.0,27.77,Hivital,https://www.awin1.com/cread.php?awinmid=20039&awinaffid=2845182&ued=https%3A%2F%2Fwww.hivital.com%2Fproducto%2Fproteina-whey%2F,https://www.hivital.com/wp-content/uploads/2025/03/Frontal-Whey-Attrezo-800x800-JPG.jpg,2026-10-06,,,,,,,,,,,,
Sustituto de Comida 800 g,,Proteinas Whey,22.49,0.8,28.11,Prozis,https://www.prozis.com/es/es/prozis/sustituto-de-comida-800-g,//static.sscontent.com/thumb/750/750/t/products/124/v1802981_prozis_meal-replacement-800g_1.png,2026-10-06,,,,,"['Barquillo de vainilla', 'Chocolate', 'Fresa y Plátano', 'Toffee de Vainilla']",4.64,309.0,https://www.prozis.com/es/es/prozis/sustituto-de-comida-800-g,,,,
Golden protein 2kg,,Proteinas Whey,56.99,2.0,28.5,HSN,https://www.hsnstore.com/marcas/essential-series/golden-protein,https://www.hsnstore.com/media/catalog/product/cache/67ee89799642c567a71fc92f3699d937/g/o/golden-protein-hsn_1.jpg,2026-10-06,21.0,40.0,50.0,False,,4.6,23.0,https://www.hsnstore.com/marcas/essential-series/golden-protein,whey,,,
Huevo entero en polvo 500g,,Proteinas Whey,14.82,0.5,29.64,HSN,https://www.hsnstore.com/marcas/food-series/huevo-entero-en-polvo,https://www.hsnstore.com/media/catalog/product/cache/67ee89799642c567a71fc92f3699d937/w/h/whole-egg-powder-hsn_1.jpg,2026-10-06,13.0,25.0,20.0,False,,4.7,76.0,https://www.hsnstore.com/marcas/food-series/huevo-entero-en-polvo,huevo,,,
Hidrolyzed Whey Protein 990g,Hivital Foods,Proteinas Whey,29.45,0.99,29.75,Nutritienda,https://www.nutritienda.com/es/hivital-foods/hidrolyzed-whey-protein-990g,https://imagedelivery.net/-uGyOE-KT6ZqyPmPyh8-iw/89a17f0e-8c87-428d-b28e-dfd69eec4e00/public,2026-10-06,,,,,,,,,,,,
Scitec Whey Infusion 2 kg | Premium,Scitec,Proteinas Whey,59.9,2.0,29.95,Nutritienda,https://www.nutritienda.com/es/scitec/whey-infusion-2-kg,https://imagedelivery.net/-uGyOE-KT6ZqyPmPyh8-iw/ec5236d9-d80b-48e3-12c6-4a03b8c0c900/public,2026-10-06,,,,,,,,,,,,
Evowhey protein 2kg,,Proteinas Whey,59.99,2.0,30.0,HSN,https://www.hsnstore.com/marcas/sport-series/evowhey-protein,https://www.hsnstore.com/media/catalog/product/e/v/evowhey-gral-new-front-hsn_1.webp,2026-10-06,22.0,30.0,1.0,False,"['banoffee', 'barquillo de chocolate', 'barquillo de crema de avellana', 'bombón de chocolate y avellanas', 'café con especias de calabaza', 'café con helado de vainilla', 'café con leche', 'café y avellanas', 'café y caramelo', 'caramelo', 'caramelo salado', 'chocolate', 'chocolate blanco', 'chocolate blanco y cacahuete', 'chocolate blanco y coco', 'chocolate blanco y limón', 'chocolate blanco y mango', 'chocolate negro y avellanas', 'chocolate y cacahuete', 'chocolate y caramelo', 'chocolate y galletas', 'chocolate y naranja', 'chocolate y plátano', 'coco', 'cola', 'crema catalana', 'doble chocolate', 'frambuesa', 'frambuesa y vainilla', 'fresa', 'fresa y chocolate blanco', 'fresa y coco', 'fresa y plátano', 'frutas del bosque', 'galleta', 'galleta caramelizada', 'galleta de jengibre', 'helado de arándanos', 'helado de vainilla y frambuesas', 'latte macchiato', 'leche merengada', 'manzana y canela', 'mazapán de chocolate', 'melocotón y mango', 'natilla', 'pastel de nata', 'piña', 'piña colada', 'plátano', 'rollito de canela', 'sandia', 'sirope de arce', 'snickerdoodle', 'speculoos', 'strudel de manzana', 'té chai con leche', 'tiramisú', 'turrón', 'vainilla', 'vainilla caribeña', 'vainilla y coco', 'yogur y limón', 'yogur y melón', 'algodón de azúcar']",4.7,21202.0,https://www.hsnstore.com/marcas/sport-series/evowhey-protein,whey,,,
STRESS NUTRIL 800g,Nutrisport,Proteinas Whey,24.03,0.8,30.04,Nutritienda,https://www.nutritienda.com/es/nutrisport/stress-nutril-800g,https://imagedelivery.net/-uGyOE-KT6ZqyPmPyh8-iw/5896de68-1187-4368-e087-da11009d3300/public,2026-10-06,,,,,,4.3,14.0,https://www.nutritienda.com/es/nutrisport/stress-nutril-800g,,,,
Bigman Iso Hydro 1000g - Aislado y Colágeno,Bigman,Proteinas Whey,30.51,1.0,30.51,Nutritienda,https://www.nutritienda.com/es/bigman/iso-hydro-1000g,https://imagedelivery.net/-uGyOE-KT6ZqyPmPyh8-iw/a7278588-42fb-42fd-bd85-ae7f4794f200/public,2026-10-06,,,,,,,,,,,,
Peanut Whey Protein 907g,,Proteinas Whey,27.99,0.907,30.86,Prozis,https://www.prozis.com/es/es/prozis/peanut-whey-protein-907g,//static.sscontent.com/thumb/750/750/t/products/124/v1821152_prozis_peanut-whey-protein-907g_1.png,2026-10-06,,,,,"['Caramelo salado', 'Chocolate y Cacahuete', 'Pastel de plátano y toffee', 'Speculoos', 'Vainilla']",4.92,86.0,https://www.prozis.com/es/es/prozis/peanut-whey-protein-907g,,,,
Whey Concept 2 Kg,Mega Plus,Proteinas Whey,61.8,2.0,30.9,Nutritienda,https://www.nutritienda.com/es/mega-plus/whey-concept-2-kg,https://imagedelivery.net/-uGyOE-KT6ZqyPmPyh8-iw/1c03edb7-42b6-4589-2d8d-0071e7cd4800/public,2026-10-06,,,,,,4.5,2.0,https://www.nutritienda.com/es/mega-plus/whey-concept-2-kg,,,True,
100% Whey Prime 1000 g,,Proteinas Whey,30.99,1.0,30.99,Prozis,https://www.prozis.com/es/es/prozis/100-whey-prime-1000-g,//static.sscontent.com/thumb/750/750/t/products/124/v1735081_prozis_100-whey-prime-1000g_strawberry-wafer_flavor_21.png,2026-10-06,,,,,"['Barquillo de fresa', 'Brownie de chocolate', 'Caramelo salado', 'Chocolate', 'Chocolate belga', 'Chocolate blanco', 'Chocolate y avellanas', 'Fresa', 'Fresa y Plátano', 'Galletas y crema', 'Mango', 'Neutro', 'Vainilla']",4.56,47947.0,https://www.prozis.com/es/es/prozis/100-whey-prime-1000-g,,,True,
W74 WHEYCORE 2000g,Starlabs Nutrition,Proteinas Whey,62.91,2.0,31.45,Nutritienda,https://www.nutritienda.com/es/starlabs-nutrition/w74-wheycore-2000g,https://imagedelivery.net/-uGyOE-KT6ZqyPmPyh8-iw/dd3d17e5-f37d-4277-075c-0f32c42f9b00/public,2026-10-06,,,,,,4.7,45.0,https://www.nutritienda.com/es/starlabs-nutrition/w74-wheycore-2000g,,,,
BioTechUSA Whey Shake 1000g| Suplementos,Biotech Usa,Proteinas Whey,31.9,1.0,31.9,Nutritienda,https://www.nutritienda.com/es/biotech-usa/whey-shake-1000g,https://imagedelivery.net/-uGyOE-KT6ZqyPmPyh8-iw/464f42ee-e377-48f1-729b-b57b08f04600/public,2026-10-06,,,,,,,,,,,,
Peanut Whey Protein 450g,,Proteinas Whey,14.39,0.45,31.98,Prozis,https://www.prozis.com/es/es/prozis/peanut-whey-protein-450g,//static.sscontent.com/thumb/750/750/t/products/124/v1832578_prozis_peanut-whey-protein-450g_1.png,2026-10-06,,,,,"['Caramelo salado', 'Chocolate y Cacahuete', 'Pastel de plátano y toffee', 'Speculoos', 'Vainilla']",4.92,86.0,https://www.prozis.com/es/es/prozis/peanut-whey-protein-450g,,,,
Keto whey protein 2kg,,Proteinas Whey,65.0,2.0,32.5,HSN,https://www.hsnstore.com/marcas/keto-series/keto-whey-protein,https://www.hsnstore.com/media/catalog/product/cache/67ee89799642c567a71fc92f3699d937/k/e/keto-whey-protein-hsnstore_1.webp,2026-10-06,23.0,35.0,57.0,False,"['chocolate', 'chocolate y galletas', 'fresa y coco', 'sirope de arce', 'vainilla caribeña']",4.7,338.0,https://www.hsnstore.com/marcas/keto-series/keto-whey-protein,whey,,,
Evowhey protein sin edulcorantes 2kg,,Proteinas Whey,66.1,2.0,33.05,HSN,https://www.hsnstore.com/marcas/sport-series/evowhey-protein-sin-edulcorantes,https://www.hsnstore.com/media/catalog/product/cache/67ee89799642c567a71fc92f3699d937/e/v/evowhey-no-sweetener-gral-front-hsn_1.webp,2026-10-06,22.0,30.0,67.0,True,"['café moca', 'canela', 'chocolate', 'matcha con leche', 'smoothie de bayas', 'té chai con leche', 'vainilla', 'vainilla y café']",4.7,735.0,https://www.hsnstore.com/marcas/sport-series/evowhey-protein-sin-edulcorantes,whey,,,
Caldo proteico de pollo en polvo 500g,,Proteinas Whey,16.74,0.5,33.48,HSN,https://www.hsnstore.com/marcas/food-series/caldo-proteico-de-pollo-en-polvo,https://www.hsnstore.com/media/catalog/product/cache/67ee89799642c567a71fc92f3699d937/c/h/chicken-protein-broth-powder-gral-front-hsn_1.webp,2026-10-06,13.0,15.0,10.0,False,,4.7,104.0,https://www.hsnstore.com/marcas/food-series/caldo-proteico-de-pollo-en-polvo,carne,,,
Impact Whey Protein Elite 1kg,,Proteinas Whey,34.09,1.0,34.09,MyProtein,https://www.myprotein.es/p/nutricion-deportiva/impact-whey-protein-elite/11243021/,https://main.thgimages.com?url=https://static.thcdn.com/productimg/original/16546736-7015283626643318.jpg&format=webp&width=1500&height=1500&fit=cover,2026-10-06,,,,,,,,,,True,,
Origin Pre-Entreno Sin Estimulantes 630g,,Proteinas Whey,21.49,0.63,34.11,MyProtein,https://www.myprotein.es/p/nutricion-deportiva/origin-pre-entreno-sin-estimulantes/14269805/,https://main.thgimages.com?url=https://static.thcdn.com/productimg/original/14269806-6955372342256558.jpg&format=webp&width=1500&height=1500&fit=cover,2026-10-06,,,,,"['Sour Apples', 'Orange Mango Soda', 'Sour Watermelon', 'Strawberry Laces', 'Cherry Drops', 'White (Original)']",4.43,7.0,https://www.myprotein.es/p/nutricion-deportiva/origin-pre-entreno-sin-estimulantes/14269805/,,True,,
Clara de huevo en polvo 2.5kg,,Proteinas Whey,85.29,2.5,34.12,MyProtein,https://www.myprotein.es/p/nutricion-deportiva/clara-de-huevo-en-polvo/10529687/,https://main.thgimages.com?url=https://static.thcdn.com/productimg/original/10529687-1065186701875960.jpg&format=webp&width=1500&height=1500&fit=cover,2026-10-06,,,,,['Gama Sin Sabor'],4.08,38.0,https://www.myprotein.es/p/nutricion-deportiva/clara-de-huevo-en-polvo/10529687/,,True,,
Recovery Total 700g,Vitobest,Proteinas Whey,23.94,0.7,34.2,Nutritienda,https://www.nutritienda.com/es/vitobest/recovery-total-700g,https://imagedelivery.net/-uGyOE-KT6ZqyPmPyh8-iw/396283ee-2a03-4027-14f6-ad9f558c5f00/public,2026-10-06,,,,,,4.7,7.0,https://www.nutritienda.com/es/vitobest/recovery-total-700g,,,,
Evolate 2.0 (whey isolate CFM) 2kg,,Proteinas Whey,68.99,2.0,34.49,HSN,https://www.hsnstore.com/marcas/sport-series/evolate-2-0-whey-isolate-cfm,https://www.hsnstore.com/media/catalog/product/cache/67ee89799642c567a71fc92f3699d937/e/v/evolate-2-0-gral-front-hsn_1.webp,2026-10-06,27.0,30.0,67.0,False,"['barquillo de chocolate', 'barquillo de crema de avellana', 'bombón de chocolate y avellanas', 'café con leche', 'café y caramelo', 'caramelo salado', 'chocolate', 'chocolate blanco', 'chocolate blanco y coco', 'chocolate blanco y limón', 'chocolate blanco y mango', 'chocolate y avellanas', 'chocolate y cacahuete', 'chocolate y galletas', 'coco', 'doble chocolate', 'frambuesa', 'fresa', 'fresa y chocolate blanco', 'fresa y coco', 'fresa y plátano', 'galletas y crema', 'leche merengada', 'manzana y canela', 'natilla', 'speculoos', 'tarta de queso de frutas del bosque', 'turrón', 'vainilla', 'vainilla caribeña', 'chocolate y avellana']",4.65,6913.0,https://www.hsnstore.com/marcas/sport-series/evolate-2-0-whey-isolate-cfm,whey,,,
Mega Protein Whey+ 5 Vainilla 900g,Nutrisport,Proteinas Whey,31.41,0.9,34.9,Nutritienda,https://www.nutritienda.com/es/nutrisport/mega-protein-whey-5-vainilla-900g,https://imagedelivery.net/-uGyOE-KT6ZqyPmPyh8-iw/3efe6ca1-c52d-479e-1ae5-21fda5481b00/public,2026-10-06,,,,,,,,,,,,
Whey Protein Fusion 900 g,,Proteinas Whey,31.49,0.9,34.99,Prozis,https://www.prozis.com/es/es/prozis/whey-protein-fusion-900-g,//static.sscontent.com/thumb/750/750/t/products/124/v1042656_prozis_whey-protein-fusion-900-g_1.png,2026-10-06,,,,,"['Chocolate', 'Fresa', 'Galletas y crema']",4.64,8062.0,https://www.prozis.com/es/es/prozis/whey-protein-fusion-900-g,,,True,
Proteína Aislada de Suero de Leche ISOLATE 1 kg,Hivital,Proteinas Whey,35.27,1.0,35.27,Hivital,https://www.awin1.com/cread.php?awinmid=20039&awinaffid=2845182&ued=https%3A%2F%2Fwww.hivital.com%2Fproducto%2Fproteina-isolada%2F,https://www.hivital.com/wp-content/uploads/2025/03/Frontal-Proteina-Aislada-Attrezo-JPG-800x800-1.jpg,2026-10-06,,,,,,,,,,,,
Hydro Protein Professional 2 kg - Proteína Premium,Beverly Nutrition,Proteinas Whey,71.1,2.0,35.55,Nutritienda,https://www.nutritienda.com/es/beverly-nutrition/hydro-protein-professional-2000g,https://imagedelivery.net/-uGyOE-KT6ZqyPmPyh8-iw/74dc832c-91ae-47e4-4525-73290a62dd00/public,2026-10-06,,,,,,,,,,,,
Impact Whey Protein Milkshake 2.7kg,,Proteinas Whey,96.29,2.7,35.66,MyProtein,https://www.myprotein.es/p/nutricion-deportiva/impact-whey-protein-milkshake/17755445/,https://main.thgimages.com?url=https://static.thcdn.com/productimg/original/17755459-1255352842601240.jpg&format=webp&width=1500&height=1500&fit=cover,2026-10-06,,,,,"['Caramelo Salado', 'Helado de Vainilla', 'Chocolate y Caramelo (Fudge)', 'Banana Milkshake', 'White Chocolate Swirl', 'Cookie Crumble', 'Chocolate Milk', 'Sin Sabor']",4.09,68.0,https://www.myprotein.es/p/nutricion-deportiva/impact-whey-protein-milkshake/17755445/,,True,,
Impact Whey Protein 2.7kg,,Proteinas Whey,96.29,2.7,35.66,MyProtein,https://www.myprotein.es/p/nutricion-deportiva/impact-whey-protein/10530943/,https://main.thgimages.com?url=https://static.thcdn.com/productimg/original/17712277-1255337341573766.png&format=webp&width=1500&height=1500&fit=cover,2026-10-06,,,,,"['Chocolate con Menta', 'Chocolate con Naranja', 'Vainilla y caramelo de miel con forma de panal y trozos de galleta crujientes', 'Vainilla y miel con trocitos de galleta crujientes', 'Acai', 'Cocoa (naturally derived sweeteners)', 'Vanilla Honey (naturally derived sweeteners)', 'Chocolate y Plátano', 'Brownie de Chocolate', 'Chocolate y Coco', 'Chocolate Negro', 'Sirope de Oro', 'Plátano Natural', 'Chocolate y Caramelo', 'Matcha Latte', 'Crema de Chocolate', 'Café con Leche y Cacao', 'Arándano', 'Crema de Fresas', 'Sin Sabor', 'Chocolate con Mantequilla de Cacahuete', 'Vainilla', 'Chocolate Natural', 'Fresa Natural', 'Vainilla Natural', 'Plátano', 'Chocolate (+Collagen)', 'Unflavoured (+Collagen)', 'Vanilla (+Collagen)', 'White Chocolate Swirl (Milkshake)', 'Banana (Milkshake)', 'Chocolate (Milkshake)', 'Cookie Crumble (Milkshake)', 'Vanilla Ice Cream (Milkshake)', 'Chocolate Fudge (Milkshake)', 'Salted Caramel (Milkshake)', 'Strawberry Cream (+Collagen)', 'Unflavoured (Milkshake)', 'Salted Caramel (+Collagen)', 'Cafe Latte (+Collagen)', 'Cookies and Cream (+Collagen)']",4.59,3588.0,https://www.myprotein.es/p/nutricion-deportiva/impact-whey-protein/10530943/,,True,,
Proteína de Suero Orgánica 2.7kg,,Proteinas Whey,96.29,2.7,35.66,MyProtein,https://www.myprotein.es/p/nutricion-deportiva/proteina-de-suero-organica/11272855/,https://main.thgimages.com?url=https://static.thcdn.com/productimg/original/17712277-1255337341573766.png&format=webp&width=1500&height=1500&fit=cover,2026-10-06,,,,,"['Chocolate con Menta', 'Chocolate con Naranja', 'Vainilla y caramelo de miel con forma de panal y trozos de galleta crujientes', 'Vainilla y miel con trocitos de galleta crujientes', 'Acai', 'Cocoa (naturally derived sweeteners)', 'Vanilla Honey (naturally derived sweeteners)', 'Chocolate y Plátano', 'Brownie de Chocolate', 'Chocolate y Coco', 'Chocolate Negro', 'Sirope de Oro', 'Plátano Natural', 'Chocolate y Caramelo', 'Matcha Latte', 'Crema de Chocolate', 'Café con Leche y Cacao', 'Arándano', 'Crema de Fresas', 'Sin Sabor', 'Chocolate con Mantequilla de Cacahuete', 'Vainilla', 'Chocolate Natural', 'Fresa Natural', 'Vainilla Natural', 'Plátano', 'Chocolate (+Collagen)', 'Unflavoured (+Collagen)', 'Vanilla (+Collagen)', 'White Chocolate Swirl (Milkshake)', 'Banana (Milkshake)', 'Chocolate (Milkshake)', 'Cookie Crumble (Milkshake)', 'Vanilla Ice Cream (Milkshake)', 'Chocolate Fudge (Milkshake)', 'Salted Caramel (Milkshake)', 'Strawberry Cream (+Collagen)', 'Unflavoured (Milkshake)', 'Salted Caramel (+Collagen)', 'Cafe Latte (+Collagen)', 'Cookies and Cream (+Collagen)']",4.59,3588.0,https://www.myprotein.es/p/nutricion-deportiva/proteina-de-suero-organica/11272855/,,True,,
Total Protein 5kg,,Proteinas Whey,178.79,5.0,35.76,MyProtein,https://www.myprotein.es/p/nutricion-deportiva/total-protein/10529951/,https://main.thgimages.com?url=https://static.thcdn.com/productimg/original/11373032-3585182337433147.jpg&format=webp&width=1500&height=1500&fit=cover,2026-10-06,,,,,"['Crema de Fresas', 'Vainilla', 'Crema de Chocolate']",4.49,49.0,https://www.myprotein.es/p/nutricion-deportiva/total-protein/10529951/,,True,,
Proteína de colágeno en polvo 1kg,,Proteinas Whey,35.79,1.0,35.79,MyProtein,https://www.myprotein.es/p/nutricion-deportiva/proteina-de-colageno-en-polvo/11067704/,https://main.thgimages.com?url=https://static.thcdn.com/productimg/original/11067704-1715338394544129.jpg&format=webp&width=1500&height=1500&fit=cover,2026-10-06,,,,,"['Vainilla', 'Sin Sabor', 'Chocolate']",4.36,53.0,https://www.myprotein.es/p/nutricion-deportiva/proteina-de-colageno-en-polvo/11067704/,,True,,
Mega Protein Whey Choco 900g,Nutrisport,Proteinas Whey,32.37,0.9,35.97,Nutritienda,https://www.nutritienda.com/es/nutrisport/mega-protein-whey-choco-900g,https://imagedelivery.net/-uGyOE-KT6ZqyPmPyh8-iw/ed8949bf-352f-4e9b-e1d3-9c21d220e400/public,2026-10-06,,,,,,,,,,,,
Proteína de Suero Hidrolizada 2.5kg,,Proteinas Whey,90.79,2.5,36.32,MyProtein,https://www.myprotein.es/p/nutricion-deportiva/proteina-de-suero-hidrolizada/10529805/,https://main.thgimages.com?url=https://static.thcdn.com/productimg/original/10529807-7075204102668506.jpg&format=webp&width=1500&height=1500&fit=cover,2026-10-06,,,,,['Sin Sabor'],4.2,20.0,https://www.myprotein.es/p/nutricion-deportiva/proteina-de-suero-hidrolizada/10529805/,,True,,
THE Whey 2.1kg,,Proteinas Whey,76.99,2.1,36.66,MyProtein,https://www.myprotein.es/p/nutricion-deportiva/the-whey/11353515/,https://main.thgimages.com?url=https://static.thcdn.com/productimg/original/12968619-2145253818506125.jpg&format=webp&width=1500&height=1500&fit=cover,2026-10-06,,,,,"['Caramelo Salado', 'Fresa', 'Chocolate con Leche', 'Plátano', 'Pistacho', 'French Vanilla']",4.61,97.0,https://www.myprotein.es/p/nutricion-deportiva/the-whey/11353515/,,True,,
Pack Regalo Predator Protein 2 Kg + Osteo Anagenesis 30 Caps,Amix Nutrition,Proteinas Whey,73.95,2.0,36.98,Nutritienda,https://www.nutritienda.com/es/amix-nutrition/pack-regalo-predator-protein-2-kg-osteo-anagenesis-30-caps,https://imagedelivery.net/-uGyOE-KT6ZqyPmPyh8-iw/7362755a-b3cf-4009-5415-a26d7e76dc00/public,2026-10-06,,,,,,,,,,,,
Megaplus Whey 100% Proteína 500g - Chocolate con Leche,Mega Plus,Proteinas Whey,18.49,0.5,36.98,Nutritienda,https://www.nutritienda.com/es/mega-plus/100-whey-proteina-sabor-chocolate-con-leche-500g,https://imagedelivery.net/-uGyOE-KT6ZqyPmPyh8-iw/e9bd9e16-4ff8-44eb-d170-e05727d98a00/public,2026-10-06,,,,,,,,,,,,
WHEY PROTEIN ISOLATE - QUAMTRAX - ¡Perfecta solubilidad! 2000g,Quamtrax Direct,Proteinas Whey,74.32,2.0,37.16,Nutritienda,https://www.nutritienda.com/es/quamtrax-direct/whey-protein-isolate-2000g,https://imagedelivery.net/-uGyOE-KT6ZqyPmPyh8-iw/733b7204-0d6a-45ef-006b-3dcdacd8d000/public,2026-10-06,,,,,,4.5,41.0,https://www.nutritienda.com/es/quamtrax-direct/whey-protein-isolate-2000g,,,,
Evoexcel (whey protein isolate + concentrate) 2kg,,Proteinas Whey,76.99,2.0,38.49,HSN,https://www.hsnstore.com/marcas/sport-series/evoexcel-whey-protein-isolate-concentrate,https://www.hsnstore.com/media/catalog/product/cache/67ee89799642c567a71fc92f3699d937/e/v/evoexcel-gral-front-hsn_1_1_1.webp,2026-10-06,26.0,30.0,67.0,False,"['chocolate', 'chocolate blanco', 'chocolate y avellanas', 'chocolate y cacahuete', 'chocolate y galletas', 'fresa', 'fresa y plátano', 'tarta de queso de frutas del bosque', 'turrón', 'vainilla']",4.65,1515.0,https://www.hsnstore.com/marcas/sport-series/evoexcel-whey-protein-isolate-concentrate,whey,,,
Aislado de proteína hidrolizada clear whey 1kg,,Proteinas Whey,38.81,1.0,38.81,HSN,https://www.hsnstore.com/marcas/raw-series/aislado-de-proteina-hidrolizada-clear-whey,https://www.hsnstore.com/media/catalog/product/cache/67ee89799642c567a71fc92f3699d937/h/y/hydrolysed-clear-protein-hsn_1.webp,2026-10-06,22.0,25.0,40.0,False,,4.5,66.0,https://www.hsnstore.com/marcas/raw-series/aislado-de-proteina-hidrolizada-clear-whey,whey,,,
Impact Whey Protein + Colágeno 3.75kg,,Proteinas Whey,145.79,3.75,38.88,MyProtein,https://www.myprotein.es/p/nutricion-deportiva/impact-whey-protein-colageno/17725536/,https://main.thgimages.com?url=https://static.thcdn.com/productimg/original/17772788-1225352349562610.jpg&format=webp&width=1500&height=1500&fit=cover,2026-10-06,,,,,"['Chocolate', 'Sin Sabor', 'Vainilla', 'Crema de Fresas', 'Caramelo Salado', 'Sabor del mes - Cafe Latte', 'Crema de Cookies']",4.1,20.0,https://www.myprotein.es/p/nutricion-deportiva/impact-whey-protein-colageno/17725536/,,True,,
Evoclear hydro 1kg,,Proteinas Whey,38.98,1.0,38.98,HSN,https://www.hsnstore.com/marcas/sport-series/evoclear-hydro,https://www.hsnstore.com/media/catalog/product/cache/67ee89799642c567a71fc92f3699d937/e/v/evoclear-hydro-hsn_1.webp,2026-10-06,21.0,25.0,40.0,False,"['bebida energética', 'cola', 'cola energy', 'daiquiri de fresa', 'frambuesa azul', 'grosella negra', 'lichi y yuzu', 'limón', 'mango', 'manzana', 'melocotón', 'mojito', 'naranja', 'pera', 'piña', 'ponche de frutas', 'sandia']",4.65,608.0,https://www.hsnstore.com/marcas/sport-series/evoclear-hydro,whey,,,
Evoexcel sin edulcorantes (whey protein isolate + concentrate) 2kg,,Proteinas Whey,78.5,2.0,39.25,HSN,https://www.hsnstore.com/marcas/sport-series/evoexcel-sin-edulcorantes-whey-protein-isolate-concentrate,https://www.hsnstore.com/media/catalog/product/cache/67ee89799642c567a71fc92f3699d937/e/v/evoexcel-no-sweeteners-gral-front-hsn_1_1.webp,2026-10-06,24.0,30.0,17.0,True,"['café con leche', 'chocolate', 'matcha con leche', 'smoothie de bayas', 'té chai con leche', 'vainilla']",4.7,7.0,https://www.hsnstore.com/marcas/sport-series/evoexcel-sin-edulcorantes-whey-protein-isolate-concentrate,whey,,,
ULTIMATE WHEY PROTEIN 2000g,Bigman,Proteinas Whey,78.75,2.0,39.38,Nutritienda,https://www.nutritienda.com/es/bigman/ultimate-whey-protein-2000g,https://imagedelivery.net/-uGyOE-KT6ZqyPmPyh8-iw/e6bdb295-68f5-490d-7225-f626a99b2000/public,2026-10-06,,,,,,4.6,91.0,https://www.nutritienda.com/es/bigman/ultimate-whey-protein-2000g,,,,
Whey Amino Complex 500g,Vitobest,Proteinas Whey,19.8,0.5,39.6,Nutritienda,https://www.nutritienda.com/es/vitobest/whey-amino-complex-500g,https://imagedelivery.net/-uGyOE-KT6ZqyPmPyh8-iw/d527c37c-97f5-429a-f929-97e10bc51a00/public,2026-10-06,,,,,,,,,,,,
Real Whey + Hydro Collagen 907g,,Proteinas Whey,35.99,0.907,39.68,Prozis,https://www.prozis.com/es/es/prozis/real-whey-hydro-collagen-907g,//static.sscontent.com/thumb/750/750/t/products/124/v1809953_prozis_real-whey--hydro-collagen-907g_1.png,2026-10-06,,,,,"['Chocolate', 'Mango y Melocotón', 'Speculoos', 'Vainilla']",4.72,93.0,https://www.prozis.com/es/es/prozis/real-whey-hydro-collagen-907g,,,,
Hydrolyzed Zero Professional 2000g,Beverly Nutrition,Proteinas Whey,80.1,2.0,40.05,Nutritienda,https://www.nutritienda.com/es/beverly-nutrition/hydrolyzed-zero-professional-2000g,https://imagedelivery.net/-uGyOE-KT6ZqyPmPyh8-iw/abb2b373-1432-4a95-9319-8f696a5a0200/public,2026-10-06,,,,,,4.7,46.0,https://www.nutritienda.com/es/beverly-nutrition/hydrolyzed-zero-professional-2000g,,,,
Evowhey Protein 2.0 500g,Hsn,Proteinas Whey,20.05,0.5,40.1,Nutritienda,https://www.nutritienda.com/es/hsn/evowhey-protein-20,https://imagedelivery.net/-uGyOE-KT6ZqyPmPyh8-iw/8eeb0ee7-b2cc-4c41-3be4-20e42f683800/public,2026-10-06,,,,,,,,,,,,
Protein Iced Coffee 640g,,Proteinas Whey,25.89,0.64,40.45,MyProtein,https://www.myprotein.es/p/nutricion-deportiva/protein-iced-coffee/17631051/,https://main.thgimages.com?url=https://static.thcdn.com/productimg/original/17631052-7525343232951905.jpg&format=webp&width=1500&height=1500&fit=cover,2026-10-06,,,,,"['Iced Matcha', 'Iced Mocha', 'Iced Caramel Latte', 'Iced Latte', 'Iced Vanilla Latte']",4.88,32.0,https://www.myprotein.es/p/nutricion-deportiva/protein-iced-coffee/17631051/,,True,,
Supreme Whey Protein 907g,,Proteinas Whey,36.79,0.907,40.56,Prozis,https://www.prozis.com/es/es/prozis/supreme-whey-protein-907g,//static.sscontent.com/thumb/750/750/t/products/124/v1813193_prozis_supreme-whey-protein-907g_1.png,2026-10-06,,,,,"['Batido de fresa', 'Chocolate blanco', 'Chocolate con Leche', 'Dulce de Leche', 'Galletas y crema', 'Matcha Latte', 'Neutro', 'Pastel de plátano y toffee', 'Speculoos', 'Vainilla francesa']",4.79,261.0,https://www.prozis.com/es/es/prozis/supreme-whey-protein-907g,,,,
ISOWHEY 907g,Quamtrax,Proteinas Whey,36.9,0.907,40.68,Nutritienda,https://www.nutritienda.com/es/quamtrax/isowhey,https://imagedelivery.net/-uGyOE-KT6ZqyPmPyh8-iw/aef6a210-0eda-432a-4582-88c937c17200/public,2026-10-06,,,,,,4.6,394.0,https://www.nutritienda.com/es/quamtrax/isowhey,,,,
Evolate 2.0 sin edulcorantes (whey isolate CFM) 2kg,,Proteinas Whey,81.99,2.0,40.99,HSN,https://www.hsnstore.com/marcas/sport-series/evolate-2-0-sin-edulcorantes-whey-isolate-cfm,https://www.hsnstore.com/media/catalog/product/cache/67ee89799642c567a71fc92f3699d937/e/v/evolate-no-sweeteners-gral-front-hsn_1.webp,2026-10-06,25.0,30.0,67.0,True,"['café moca', 'chocolate', 'matcha con leche', 'smoothie de bayas', 'té chai con leche', 'vainilla', 'vainilla y café']",4.65,193.0,https://www.hsnstore.com/marcas/sport-series/evolate-2-0-sin-edulcorantes-whey-isolate-cfm,whey,,,
226ERS Whey Protein Grass Fed 1000g - Batido Proteínas,226ers,Proteinas Whey,41.0,1.0,41.0,Nutritienda,https://www.nutritienda.com/es/226ers/whey-protein-grass-fed-1-kg,https://imagedelivery.net/-uGyOE-KT6ZqyPmPyh8-iw/1529f0d9-0374-4f4b-92f4-72900dc8eb00/public,2026-10-06,,,,,,,,,,,,
Evoclear hydro vegan 500g,,Proteinas Whey,20.79,0.5,41.58,HSN,https://www.hsnstore.com/marcas/sport-series/evoclear-hydro-vegan,https://www.hsnstore.com/media/catalog/product/cache/67ee89799642c567a71fc92f3699d937/e/v/evoclear-hydro-vegan_1.webp,2026-10-06,13.0,16.0,31.0,False,"['bebida energética', 'cereza', 'grosella negra', 'mango', 'manzana', 'melocotón', 'mojito', 'piña', 'sandia']",4.6,104.0,https://www.hsnstore.com/marcas/sport-series/evoclear-hydro-vegan,vegetal,,,
"Pack Amix Whey Pure Fusion 2,3kg + Multimega | Proteína",Amix Nutrition,Proteinas Whey,95.97,2.3,41.73,Nutritienda,https://www.nutritienda.com/es/amix-nutrition/pack-regalo-whey-pure-fusion-230-kg-multimega-30-caps,https://imagedelivery.net/-uGyOE-KT6ZqyPmPyh8-iw/6318ed16-73f6-4d67-71f4-0994f3713400/public,2026-10-06,,,,,,,,,,,,
Evohydro 2.0 (hydro whey) 2kg,,Proteinas Whey,84.49,2.0,42.24,HSN,https://www.hsnstore.com/marcas/sport-series/evohydro-2-0-hydro-whey,https://www.hsnstore.com/media/catalog/product/cache/67ee89799642c567a71fc92f3699d937/e/v/evohydro-2-0-gral-front-hsn_1.webp,2026-10-06,27.0,30.0,67.0,False,"['café helado', 'chocolate', 'chocolate blanco y limón', 'chocolate y galletas', 'fresa', 'fresa y chocolate blanco', 'fresa y coco', 'leche merengada', 'sandía', 'speculoos', 'té chai con leche', 'vainilla', 'yogur y melón', 'yogur y piña']",4.7,1867.0,https://www.hsnstore.com/marcas/sport-series/evohydro-2-0-hydro-whey,whey,,,
Iso Whey Cero Cero 900g,Nutrisport,Proteinas Whey,38.22,0.9,42.47,Nutritienda,https://www.nutritienda.com/es/nutrisport/iso-whey-cero-cero-fresa-1-kg,https://imagedelivery.net/-uGyOE-KT6ZqyPmPyh8-iw/7b161e43-74df-40c7-97a9-0689d317cc00/public,2026-10-06,,,,,,1.0,1.0,https://www.nutritienda.com/es/nutrisport/iso-whey-cero-cero-fresa-1-kg,,,,
Mezcla Sustitutiva de Comidas Proteica 770g,,Proteinas Whey,32.99,0.77,42.84,MyProtein,https://www.myprotein.es/p/nutricion-deportiva/mezcla-sustitutiva-de-comidas-proteica/11324199/,https://main.thgimages.com?url=https://static.thcdn.com/productimg/original/11324199-1275183633044242.jpg&format=webp&width=1500&height=1500&fit=cover,2026-10-06,,,,,,,,,,True,,
Café proteico sin edulcorantes #CaféFitConQ 500g,,Proteinas Whey,21.66,0.5,43.32,HSN,https://www.hsnstore.com/marcas/food-series/cafe-proteico-sin-edulcorantes-cafefitconq,https://www.hsnstore.com/media/catalog/product/cache/67ee89799642c567a71fc92f3699d937/c/a/cafefitconq-no-sweetener-500g-front-hsn_1.webp,2026-10-06,21.0,35.0,14.0,True,,4.7,87.0,https://www.hsnstore.com/marcas/food-series/cafe-proteico-sin-edulcorantes-cafefitconq,whey,,True,
Isolate CFM Zero 1 Kg,Vitobest,Proteinas Whey,44.81,1.0,44.81,Nutritienda,https://www.nutritienda.com/es/vitobest/isolate-cfm-zero,https://imagedelivery.net/-uGyOE-KT6ZqyPmPyh8-iw/f8fc9533-c222-48b9-fc5b-5643a0e18d00/public,2026-10-06,,,,,,4.9,7.0,https://www.nutritienda.com/es/vitobest/isolate-cfm-zero,,,,
Protein Hydrolyzed Zero Delicatesse 1000g,Beverly Nutrition,Proteinas Whey,44.91,1.0,44.91,Nutritienda,https://www.nutritienda.com/es/beverly-nutrition/protein-hydrolyzed-zero-delicatesse-1000g,https://imagedelivery.net/-uGyOE-KT6ZqyPmPyh8-iw/7ed10f88-b59d-4c89-cbad-f1fbe613a200/public,2026-10-06,,,,,,4.5,65.0,https://www.nutritienda.com/es/beverly-nutrition/protein-hydrolyzed-zero-delicatesse-1000g,,,,
Whey Protein Fusion 700g,,Proteinas Whey,31.49,0.7,44.99,Prozis,https://www.prozis.com/es/es/prozis/whey-protein-fusion-700g,//static.sscontent.com/thumb/750/750/t/products/124/v1831935_prozis_whey-protein-fusion-700g_1.png,2026-10-06,,,,,"['Chocolate', 'Chocolate blanco', 'Fresa', 'Galletas y crema', 'Speculoos', 'Vainilla']",4.91,42.0,https://www.prozis.com/es/es/prozis/whey-protein-fusion-700g,,,,
Impact Whey Isolate 2.88kg,,Proteinas Whey,131.49,2.88,45.66,MyProtein,https://www.myprotein.es/p/nutricion-deportiva/impact-whey-isolate/10530911/,https://main.thgimages.com?url=https://static.thcdn.com/productimg/original/10530911-4745330627747586.png&format=webp&width=1500&height=1500&fit=cover,2026-10-06,,,,,"['Captain America - Vanilla Raspberry', 'Cocoa (Grass-Fed, Naturally Sweetened)', 'Wild Strawberry (Grass Fed, Naturally Sweetened)', 'Natural Chocolate (Grass-Fed)', 'Vanilla Honey (Grass-Fed)', 'Plátano', 'Caramelo Salado', 'Chocolate Natural', 'Brownie de Chocolate', 'Chocolate y Caramelo', 'Fresa Natural', 'Crema de Fresas', 'Arándano', 'Chocolate con Mantequilla de Cacahuete', 'Sin Sabor', 'Vainilla Natural', 'Chocolate y Plátano', 'Vainilla', 'Crema de Chocolate', 'Americano', 'Chocolate Blanco', 'Chocolate Fudge (Milkshake)', 'Vanilla Ice Cream (Milkshake)', 'Chocolate Milk (Milkshake)', 'Unflavoured (Milkshake)', 'Salted Caramel (Milkshake)']",4.49,954.0,https://www.myprotein.es/p/nutricion-deportiva/impact-whey-isolate/10530911/,,True,,
Impact Whey Isolate Milkshake 2.88kg,,Proteinas Whey,131.49,2.88,45.66,MyProtein,https://www.myprotein.es/p/nutricion-deportiva/impact-whey-isolate-milkshake/17816822/,https://main.thgimages.com?url=https://static.thcdn.com/productimg/original/17816823-8485349214817520.jpg&format=webp&width=1500&height=1500&fit=cover,2026-10-06,,,,,"['Helado de Vainilla', 'Chocolate y Caramelo (Fudge)', 'Chocolate Milk', 'Caramelo Salado', 'Sin Sabor']",,,,,True,,
Real Whey + Hydro Collagen 400g,,Proteinas Whey,18.39,0.4,45.98,Prozis,https://www.prozis.com/es/es/prozis/real-whey-hydro-collagen-400g,//static.sscontent.com/thumb/750/750/t/products/124/v1780631_prozis_real-whey--hydro-collagen-400g_speculoos_flavor_21.png,2026-10-06,,,,,"['Chocolate', 'Mango y Melocotón', 'Speculoos', 'Vainilla']",4.72,93.0,https://www.prozis.com/es/es/prozis/real-whey-hydro-collagen-400g,,,,
Clear Whey Isolate 500g,,Proteinas Whey,22.99,0.5,45.98,MyProtein,https://www.myprotein.es/p/nutricion-deportiva/clear-whey-isolate/12081395/,https://main.thgimages.com?url=https://static.thcdn.com/productimg/original/13528866-2045329369311588.jpg&format=webp&width=1500&height=1500&fit=cover,2026-10-06,,,,,"['Té de Melocotón', 'Naranja y  Mango', 'Limón Amargo', 'Mojito', 'Sandía', 'Arándano y Frambuesa', 'Manzana', 'Naranja', 'Piña', 'Berry Cherry', 'Cereza Negra', 'Frambuesa y Limonada', 'Fresa y Kiwi', 'Fresa', 'Black Panther - Blue Raspberry', 'Captain Marvel - Orange, Mango & Tropical', 'Spider-Man - Raspberry & Strawberry', 'Hulk - Green Plum & Kiwi', 'Chupa Chups® - Strawberry', 'Chupa Chups® - Cola', 'Raspberry & Lemon - Splash', 'Orange & Mango - Splash', 'Pineapple - Splash', 'Cactus', 'Watermelon & Hibiscus Daiquiri', 'Hugo Spritz', 'Raspberry Lemonade (+ Collagen)', 'Peach Tea (+ Collagen)', 'Orange Mango (+ Collagen)', 'Strawberry-Webs', 'Lemon Iced Tea (+ Collagen)', 'Black Cherry (+ Collagen)', 'Pear - Splash', 'Mixed Berries - Splash', 'Naranja y Mango', 'Watermelon (+ Collagen)', 'Cranberry & Raspberry (+ Collagen)']",4.43,118.0,https://www.myprotein.es/p/nutricion-deportiva/clear-whey-isolate/12081395/,,True,,
Clear Collagen Powder Tub 650g,,Proteinas Whey,29.99,0.65,46.14,MyProtein,https://www.myprotein.es/p/nutricion-deportiva/clear-collagen-powder-tub/12865492/,https://main.thgimages.com?url=https://static.thcdn.com/productimg/original/12917287-1915289350138250.jpg&format=webp&width=1500&height=1500&fit=cover,2026-10-06,,,,,"['Uva', 'Té de Melocotón', 'Arándanos y Frambuesas', 'Sin Sabor', 'Arándano y Frambuesa']",5.0,2.0,https://www.myprotein.es/p/nutricion-deportiva/clear-collagen-powder-tub/12865492/,,True,,
ELITE 100% WHEY 907g,Dymatize,Proteinas Whey,42.3,0.907,46.64,Nutritienda,https://www.nutritienda.com/es/dymatize/elite-100-whey,https://imagedelivery.net/-uGyOE-KT6ZqyPmPyh8-iw/c2fb7df7-aec1-4e76-14d2-7b4f26d7e400/public,2026-10-06,,,,,,4.7,265.0,https://www.nutritienda.com/es/dymatize/elite-100-whey,,,,
100% Whey protein isolate 2kg,,Proteinas Whey,93.91,2.0,46.95,HSN,https://www.hsnstore.com/marcas/raw-series/100-whey-protein-isolate,https://www.hsnstore.com/media/catalog/product/1/0/100-whey-protein-isolate-hsn_1.jpg,2026-10-06,28.0,30.0,67.0,False,['sin sabor'],4.75,2171.0,https://www.hsnstore.com/marcas/raw-series/100-whey-protein-isolate,whey,,,
Gold Whey500g,Weider,Proteinas Whey,23.74,0.5,47.48,Nutritienda,https://www.nutritienda.com/es/weider/gold-whey-500g,https://imagedelivery.net/-uGyOE-KT6ZqyPmPyh8-iw/ef85e64c-44a5-4693-7f2a-3f9e0868f200/public,2026-10-06,,,,,,,,,,,,
Evohydro 30HD 500g,,Proteinas Whey,23.99,0.5,47.98,HSN,https://www.hsnstore.com/marcas/sport-series/evohydro-30hd,https://www.hsnstore.com/media/catalog/product/cache/67ee89799642c567a71fc92f3699d937/e/v/evohydro-30hd-hsn_1.webp,2026-10-06,11.0,15.0,33.0,False,"['chocolate', 'vainilla']",4.3,9.0,https://www.hsnstore.com/marcas/sport-series/evohydro-30hd,whey,,,
100% Whey protein concentrate 500g,,Proteinas Whey,23.99,0.5,47.98,HSN,https://www.hsnstore.com/marcas/raw-series/100-whey-protein-concentrate,https://www.hsnstore.com/media/catalog/product/cache/67ee89799642c567a71fc92f3699d937/1/0/100-whey-protein-concentrate-gral-front-hsn_1.webp,2026-10-06,25.0,30.0,67.0,False,['sin sabor'],4.75,1900.0,https://www.hsnstore.com/marcas/raw-series/100-whey-protein-concentrate,whey,,,
I 90 ISOLAC CFM 908g,Starlabs Nutrition,Proteinas Whey,44.01,0.908,48.47,Nutritienda,https://www.nutritienda.com/es/starlabs-nutrition/i-90-isolac-cfm,https://imagedelivery.net/-uGyOE-KT6ZqyPmPyh8-iw/d2b2befd-88df-4276-141e-9887fda10200/public,2026-10-06,,,,,,4.7,63.0,https://www.nutritienda.com/es/starlabs-nutrition/i-90-isolac-cfm,,,,
Whey Protein 100% Sabor Neutro 1 Kg,Vitobest,Proteinas Whey,48.6,1.0,48.6,Nutritienda,https://www.nutritienda.com/es/vitobest/whey-protein-100-sabor-neutro-1-kg,https://imagedelivery.net/-uGyOE-KT6ZqyPmPyh8-iw/c270627d-8c74-4264-7213-3a3bceb92500/public,2026-10-06,,,,,,,,,,,,
Whey Protein 100% 1 Kg,Vitobest,Proteinas Whey,48.6,1.0,48.6,Nutritienda,https://www.nutritienda.com/es/vitobest/whey-protein-100,https://imagedelivery.net/-uGyOE-KT6ZqyPmPyh8-iw/df7a3a67-8813-4475-65f9-ec9a5ab82400/public,2026-10-06,,,,,,3.0,2.0,https://www.nutritienda.com/es/vitobest/whey-protein-100,,,,
100% Whey Isolate 700g,Quamtrax Direct,Proteinas Whey,34.32,0.7,49.03,Nutritienda,https://www.nutritienda.com/es/quamtrax-direct/100-whey-isolate-700g,https://imagedelivery.net/-uGyOE-KT6ZqyPmPyh8-iw/e2eae2df-3c85-4c7d-5cb4-7b9f55b58600/public,2026-10-06,,,,,,4.5,13.0,https://www.nutritienda.com/es/quamtrax-direct/100-whey-isolate-700g,,,,
Smoothie para el desayuno 500g,,Proteinas Whey,24.79,0.5,49.58,MyProtein,https://www.myprotein.es/p/nutricion-deportiva/smoothie-para-el-desayuno/13251950/,https://main.thgimages.com?url=https://static.thcdn.com/productimg/original/13251951-1305238521056338.jpg&format=webp&width=1500&height=1500&fit=cover,2026-10-06,,,,,"['Blueberry and Apple', 'Fresa y Plátano', 'Mango and Passionfruit']",3.83,6.0,https://www.myprotein.es/p/nutricion-deportiva/smoothie-para-el-desayuno/13251950/,,True,,
100% Real Whey Protein 907g,,Proteinas Whey,44.99,0.907,49.6,Prozis,https://www.prozis.com/es/es/prozis/100-real-whey-protein-907g,//static.sscontent.com/thumb/750/750/t/products/124/v1817205_prozis_100-real-whey-protein-907g_unflavoured_flavor_21.png,2026-10-06,,,,,"['Brownie de chocolate', 'Café y Caramelo', 'Chocolate', 'Chocolate belga', 'Chocolate blanco', 'Chocolate con Leche', 'Chocolate negro', 'Chocolate y avellanas', 'Chocolate y caramelo', 'Fresa', 'Fresa y Plátano', 'Galletas y crema', 'Mango', 'Mango y Melocotón', 'Neutro', 'Plátano', 'Speculoos', 'Stracciatella', 'Vainilla']",4.62,76581.0,https://www.prozis.com/es/es/prozis/100-real-whey-protein-907g,,,,
100% Real Whey Protein 1814g,,Proteinas Whey,89.98,1.814,49.6,Prozis,https://www.prozis.com/es/es/prozis/100-real-whey-protein-1814g,//static.sscontent.com/thumb/750/750/t/products/124/v1722166_prozis_100-real-whey-protein-1814g_cookies-and-cream_flavor_21.png,2026-10-06,,,,,"['Brownie de chocolate', 'Café y Caramelo', 'Chocolate', 'Chocolate belga', 'Chocolate blanco', 'Chocolate con Leche', 'Chocolate negro', 'Chocolate y avellanas', 'Chocolate y caramelo', 'Fresa', 'Fresa y Plátano', 'Galletas y crema', 'Mango', 'Mango y Melocotón', 'Neutro', 'Plátano', 'Speculoos', 'Stracciatella', 'Vainilla']",4.62,76581.0,https://www.prozis.com/es/es/prozis/100-real-whey-protein-1814g,,,,
Isolate CFM Lacprodan 1 Kg,Beverly Nutrition,Proteinas Whey,49.68,1.0,49.68,Nutritienda,https://www.nutritienda.com/es/beverly-nutrition/isolate-cfm-lacprodan-1-kg,https://imagedelivery.net/-uGyOE-KT6ZqyPmPyh8-iw/555f6320-aacc-46c0-1000-829a37889600/public,2026-10-06,,,,,,,,,,,,
Santiveri Protein-90 Cacao 300g | Proteína Deportiva,Santiveri,Proteinas Whey,14.95,0.3,49.83,Nutritienda,https://www.nutritienda.com/es/santiveri/protein-90-cacao-300g,https://imagedelivery.net/-uGyOE-KT6ZqyPmPyh8-iw/49e2636e-009d-4dfb-7df9-c6a7a8eeef00/public,2026-10-06,,,,,,,,,,,,
Santiveri Proteína-90 Vainilla 300g - Suplemento Deportivo,Santiveri,Proteinas Whey,14.95,0.3,49.83,Nutritienda,https://www.nutritienda.com/es/santiveri/proteina-90-vainilla-300g,https://imagedelivery.net/-uGyOE-KT6ZqyPmPyh8-iw/b5142b44-8963-4532-77e9-dd33b53c4500/public,2026-10-06,,,,,,,,,,,,
Supreme Whey Protein 400g,,Proteinas Whey,19.99,0.4,49.97,Prozis,https://www.prozis.com/es/es/prozis/supreme-whey-protein-400g,//static.sscontent.com/thumb/750/750/t/products/124/v1815217_prozis_supreme-whey-protein-400g_1.png,2026-10-06,,,,,"['Batido de fresa', 'Chocolate blanco', 'Chocolate con Leche', 'Dulce de Leche', 'Galletas y crema', 'Matcha Latte', 'Neutro', 'Pastel de plátano y toffee', 'Speculoos', 'Vainilla francesa']",4.79,261.0,https://www.prozis.com/es/es/prozis/supreme-whey-protein-400g,,,,
Origin Stim-Free Pre-Workout (muestra) 20g,,Proteinas Whey,1.0,0.02,50.0,MyProtein,https://www.myprotein.es/p/nutricion-deportiva/origin-stim-free-pre-workout-muestra/14269813/,https://main.thgimages.com?url=https://static.thcdn.com/productimg/original/14269814-1535234423931405.jpg&format=webp&width=1500&height=1500&fit=cover,2026-10-06,,,,,,,,,,True,,
Alpha Pre-Entreno 20g,,Proteinas Whey,1.0,0.02,50.0,MyProtein,https://www.myprotein.es/p/nutricion-deportiva/alpha-pre-entreno/13757999/,https://main.thgimages.com?url=https://static.thcdn.com/productimg/original/13758002-4105178424462773.jpg&format=webp&width=1500&height=1500&fit=cover,2026-10-06,,,,,"['Naranja y Mango', 'Strawberry Laces']",4.0,3.0,https://www.myprotein.es/p/nutricion-deportiva/alpha-pre-entreno/13757999/,,True,,
Panacea 750g,Paleobull,Proteinas Whey,37.95,0.75,50.6,Nutritienda,https://www.nutritienda.com/es/paleobull/panacea,https://imagedelivery.net/-uGyOE-KT6ZqyPmPyh8-iw/f74236da-01d5-4888-2122-5ba18e0da000/public,2026-10-06,,,,,,4.9,180.0,https://www.nutritienda.com/es/paleobull/panacea,,,,
Natural Real Whey Protein 907g,,Proteinas Whey,45.89,0.907,50.6,Prozis,https://www.prozis.com/es/es/prozis/natural-real-whey-protein-907g,//static.sscontent.com/thumb/750/750/t/products/124/v1722610_prozis_natural-real-whey-protein-907g_1.png,2026-10-06,,,,,"['Chocolate', 'Fresa', 'Galletas y crema', 'Vainilla']",4.58,5011.0,https://www.prozis.com/es/es/prozis/natural-real-whey-protein-907g,,,,
Natural Real Whey Protein 1814g,,Proteinas Whey,91.78,1.814,50.6,Prozis,https://www.prozis.com/es/es/prozis/natural-real-whey-protein-1814g,//static.sscontent.com/thumb/750/750/t/products/124/v1722683_prozis_natural-real-whey-protein-1814g_1.png,2026-10-06,,,,,"['Chocolate', 'Fresa', 'Galletas y crema', 'Vainilla']",4.58,5011.0,https://www.prozis.com/es/es/prozis/natural-real-whey-protein-1814g,,,,
Zero Diet Whey 1500 g,,Proteinas Whey,76.49,1.5,50.99,Prozis,https://www.prozis.com/es/es/prozis/zero-diet-whey-1500-g,//static.sscontent.com/thumb/750/750/t/products/124/v1760519_prozis_zero-diet-whey-1500-g_1.png,2026-10-06,,,,,"['Brownie de chocolate', 'Capuchino', 'Chocolate Blanco y Frambuesa', 'Galletas y crema', 'Vainilla']",4.71,2251.0,https://www.prozis.com/es/es/prozis/zero-diet-whey-1500-g,,,,
Gel Pre-Entrenamiento (Muestra) 50g,,Proteinas Whey,2.55,0.05,51.0,MyProtein,https://www.myprotein.es/p/nutricion-deportiva/gel-pre-entrenamiento-muestra/10849505/,https://main.thgimages.com?url=https://static.thcdn.com/productimg/original/10798885-8585282128091856.jpg&format=webp&width=1500&height=1500&fit=cover,2026-10-06,,,,,"['Frutas del Bosque', 'Tropical', 'Green Apple (HYROX Edition)', 'Sour Cherry (HYROX Edition)']",,,,,True,,
100% Whey Hydro Isolate Black Series 700g,,Proteinas Whey,35.99,0.7,51.41,Prozis,https://www.prozis.com/es/es/prozis/100-whey-hydro-isolate-black-series-700g,//static.sscontent.com/thumb/750/750/t/products/124/v1838262_prozis_100-whey-hydro-isolate-black-series-700g_1.png,2026-10-06,,,,,"['Chocolate', 'Chocolate blanco', 'Galletas y crema', 'Vainilla']",3.5,1.0,https://www.prozis.com/es/es/prozis/100-whey-hydro-isolate-black-series-700g,,,,
Whey Protein - Freakin Good 400 g,,Proteinas Whey,20.69,0.4,51.73,Prozis,https://www.prozis.com/es/es/prozis/whey-protein-freakin-good-400-g,//static.sscontent.com/thumb/750/750/t/products/124/v1367964_prozis_whey-protein-freakin-good-400-g_bonbon_flavor_21.png,2026-10-06,,,,,"['Bombón', 'Brownie de chocolate']",4.63,2957.0,https://www.prozis.com/es/es/prozis/whey-protein-freakin-good-400-g,,,,
IsoPro-T 1000g,Infisport,Proteinas Whey,53.33,1.0,53.33,Nutritienda,https://www.nutritienda.com/es/infisport/isopro-t1-aislado-proteina-de-suero-1000g,https://imagedelivery.net/-uGyOE-KT6ZqyPmPyh8-iw/41dd83eb-a3cf-4be3-cfe7-df0eccefa600/public,2026-10-06,,,,,,5.0,8.0,https://www.nutritienda.com/es/infisport/isopro-t1-aislado-proteina-de-suero-1000g,,,,
Finisher Whey Protein 500g,Finisher,Proteinas Whey,26.91,0.5,53.82,Nutritienda,https://www.nutritienda.com/es/finisher/finisher-whey-protein-500g,https://imagedelivery.net/-uGyOE-KT6ZqyPmPyh8-iw/ae9b26aa-fc76-434f-64c4-0fa1d0f1e100/public,2026-10-06,,,,,,4.0,3.0,https://www.nutritienda.com/es/finisher/finisher-whey-protein-500g,,,,
SPORT LIVE ISO WHEY PROTEIN 800g,Drasanvi,Proteinas Whey,43.9,0.8,54.87,Nutritienda,https://www.nutritienda.com/es/drasanvi/sport-live-iso-whey-protein,https://imagedelivery.net/-uGyOE-KT6ZqyPmPyh8-iw/773cc89e-58fa-4640-f346-054383bf5800/public,2026-10-06,,,,,,4.3,26.0,https://www.nutritienda.com/es/drasanvi/sport-live-iso-whey-protein,,,,
Clear Whey Protein y Colágeno 1kg,,Proteinas Whey,54.99,1.0,54.99,MyProtein,https://www.myprotein.es/p/nutricion-deportiva/clear-whey-protein-y-colageno/17263290/,https://main.thgimages.com?url=https://static.thcdn.com/productimg/original/17263295-1395366322728316.jpg&format=webp&width=1500&height=1500&fit=cover,2026-10-06,,,,,"['Té de Melocotón', 'Frambuesa y Limonada', 'Naranja y  Mango', 'Té helado de Limón', 'Cereza Negra', 'Sandía', 'Arándano y Frambuesa', 'Fresa y Kiwi']",3.62,50.0,https://www.myprotein.es/p/nutricion-deportiva/clear-whey-protein-y-colageno/17263290/,,True,,
100% Whey Hydro Isolate PRO Black Series 700g,,Proteinas Whey,38.69,0.7,55.27,Prozis,https://www.prozis.com/es/es/prozis/100-whey-hydro-isolate-pro-black-series-700g,//static.sscontent.com/thumb/750/750/t/products/124/v1838348_prozis_100-whey-hydro-isolate-pro-black-series-700g_1.png,2026-10-06,,,,,"['Chocolate', 'Chocolate blanco', 'Galletas y crema', 'Vainilla']",3.5,1.0,https://www.prozis.com/es/es/prozis/100-whey-hydro-isolate-pro-black-series-700g,,,,
Capuchino Proteico 400 g,,Proteinas Whey,22.39,0.4,55.98,Prozis,https://www.prozis.com/es/es/prozis/capuchino-proteico-400-g,//static.sscontent.com/thumb/750/750/t/products/124/v1244506_prozis_protein-cappuccino-400-g_1.png,2026-10-06,,,,,,4.49,1100.0,https://www.prozis.com/es/es/prozis/capuchino-proteico-400-g,,,,
Latte de Caramelo Proteico 400 g,,Proteinas Whey,22.39,0.4,55.98,Prozis,https://www.prozis.com/es/es/prozis/latte-de-caramelo-proteico-400-g,//static.sscontent.com/thumb/750/750/t/products/124/v1244415_prozis_protein-caramel-latte-400-g_1.png,2026-10-06,,,,,,4.61,1259.0,https://www.prozis.com/es/es/prozis/latte-de-caramelo-proteico-400-g,,,,
Capuchino Proteico - Con Cafeína Extra 400 g,,Proteinas Whey,22.39,0.4,55.98,Prozis,https://www.prozis.com/es/es/prozis/capuchino-proteico-con-cafeina-extra-400-g,//static.sscontent.com/thumb/750/750/t/products/124/v1244493_prozis_protein-cappuccino-extra-caffeine-400-g_1.png,2026-10-06,,,,,,4.44,1078.0,https://www.prozis.com/es/es/prozis/capuchino-proteico-con-cafeina-extra-400-g,,,,
Latte de Avellana Proteico 400 g,,Proteinas Whey,22.39,0.4,55.98,Prozis,https://www.prozis.com/es/es/prozis/latte-de-avellana-proteico-400-g,//static.sscontent.com/thumb/750/750/t/products/124/v1244402_prozis_protein-hazelnut-latte-400-g_1.png,2026-10-06,,,,,,4.46,563.0,https://www.prozis.com/es/es/prozis/latte-de-avellana-proteico-400-g,,,,
Latte de Caramelo Proteico - Con Cafeína Extra 400 g,,Proteinas Whey,22.39,0.4,55.98,Prozis,https://www.prozis.com/es/es/prozis/latte-de-caramelo-proteico-con-cafeina-extra-400-g,//static.sscontent.com/thumb/750/750/t/products/124/v1244428_prozis_protein-caramel-latte-extra-caffeine-400-g_1.png,2026-10-06,,,,,,4.53,1176.0,https://www.prozis.com/es/es/prozis/latte-de-caramelo-proteico-con-cafeina-extra-400-g,,,,
Latte de Avellana Proteico - Con Cafeína Extra 400 g,,Proteinas Whey,22.39,0.4,55.98,Prozis,https://www.prozis.com/es/es/prozis/latte-de-avellana-proteico-con-cafeina-extra-400-g,//static.sscontent.com/thumb/750/750/t/products/124/v1244389_prozis_protein-hazelnut-latte-extra-caffeine-400-g_1.png,2026-10-06,,,,,,4.48,627.0,https://www.prozis.com/es/es/prozis/latte-de-avellana-proteico-con-cafeina-extra-400-g,,,,
Mocachino Proteico 400 g,,Proteinas Whey,22.39,0.4,55.98,Prozis,https://www.prozis.com/es/es/prozis/mocachino-proteico-400-g,//static.sscontent.com/thumb/750/750/t/products/124/v1244532_prozis_protein-mochaccino-400-g_1.png,2026-10-06,,,,,,4.55,420.0,https://www.prozis.com/es/es/prozis/mocachino-proteico-400-g,,,,
Latte Proteico 400 g,,Proteinas Whey,22.39,0.4,55.98,Prozis,https://www.prozis.com/es/es/prozis/latte-proteico-400-g,//static.sscontent.com/thumb/750/750/t/products/124/v1244480_prozis_protein-latte-400-g_1.png,2026-10-06,,,,,,4.56,230.0,https://www.prozis.com/es/es/prozis/latte-proteico-400-g,,,,
MuscleTech Iso Whey - Proteína Aislada Premium 907g,Muscletech,Proteinas Whey,50.99,0.907,56.22,Nutritienda,https://www.nutritienda.com/es/muscletech/isowhey-907g,https://imagedelivery.net/-uGyOE-KT6ZqyPmPyh8-iw/c731ea08-22ef-4889-8202-4363c9822800/public,2026-10-06,,,,,,,,,,,,
100% Real Whey Protein 400 g,,Proteinas Whey,22.49,0.4,56.22,Prozis,https://www.prozis.com/es/es/prozis/100-real-whey-protein-400-g,//static.sscontent.com/thumb/750/750/t/products/124/v1816724_prozis_100-real-whey-protein-400g_cookies-and-cream_flavor_21.png,2026-10-06,,,,,"['Brownie de chocolate', 'Café y Caramelo', 'Chocolate', 'Chocolate belga', 'Chocolate blanco', 'Chocolate con Leche', 'Chocolate negro', 'Chocolate y avellanas', 'Chocolate y caramelo', 'Fresa', 'Fresa y Plátano', 'Galletas y crema', 'Mango', 'Mango y Melocotón', 'Neutro', 'Plátano', 'Speculoos', 'Stracciatella', 'Vainilla']",4.62,36215.0,https://www.prozis.com/es/es/prozis/100-real-whey-protein-400-g,,,,
Clear Whey Splash 390g,,Proteinas Whey,21.99,0.39,56.38,MyProtein,https://www.myprotein.es/p/nutricion-deportiva/clear-whey-splash/16111658/,https://main.thgimages.com?url=https://static.thcdn.com/productimg/original/17113631-1645261592711069.jpg&format=webp&width=1500&height=1500&fit=cover,2026-10-06,,,,,"['Splash Of - Pineapple', 'Splash Of - Mango Orange', 'Splash Of - Raspberry & Lemon', 'Splash Of - Mixed Berries', 'Splash Of - Pear']",,,,,True,,
Pack Regalo IsoPrime CFM 2 Kg + Daily One  30 caps | Oferta Especial,Amix Nutrition,Proteinas Whey,112.97,2.0,56.48,Nutritienda,https://www.nutritienda.com/es/amix-nutrition/pack-regalo-isoprime-cfm-2-kg-daily-one-30-caps,https://imagedelivery.net/-uGyOE-KT6ZqyPmPyh8-iw/b56ed1bd-7882-428c-7764-4f9b6fafa100/public,2026-10-06,,,,,,,,,,,,
Gold Nutrition Creatina + Whey | Fuerza y Recuperación 900g,Gold Nutrition,Proteinas Whey,51.29,0.9,56.99,Nutritienda,https://www.nutritienda.com/es/gold-nutrition/total-hydro-whey-900g,https://imagedelivery.net/-uGyOE-KT6ZqyPmPyh8-iw/854de452-61c2-444d-601c-de2901fd7000/public,2026-10-06,,,,,,,,,,,,
Iso Whey Clear 1025g,Scitec,Proteinas Whey,58.5,1.025,57.07,Nutritienda,https://www.nutritienda.com/es/scitec/iso-whey-clear-1025g,https://imagedelivery.net/-uGyOE-KT6ZqyPmPyh8-iw/2990b0e7-bd42-4d80-dfff-35564aa92400/public,2026-10-06,,,,,,,,,,,,
Pack Regalo Black CFM Isolate 2 Kg + Multimega 30 Caps | Proteína,Amix Nutrition,Proteinas Whey,114.67,2.0,57.34,Nutritienda,https://www.nutritienda.com/es/amix-nutrition/pack-regalo-black-cfm-isolate-2-kg-multimega-30-caps,https://imagedelivery.net/-uGyOE-KT6ZqyPmPyh8-iw/bb9759f5-9f89-4b34-d8cb-fa7fd37f2100/public,2026-10-06,,,,,,,,,,,,
AMIX Pack Black CFM Isolate 2Kg + Creatina - Proteína,Amix Nutrition,Proteinas Whey,114.67,2.0,57.34,Nutritienda,https://www.nutritienda.com/es/amix-nutrition/pack-regalo-black-cfm-isolate-2-kg-creatina-monohidrato-30-caps,https://imagedelivery.net/-uGyOE-KT6ZqyPmPyh8-iw/4ddf1c55-31e0-4777-6196-86f6b045b700/public,2026-10-06,,,,,,,,,,,,
Myprotein Clear Whey Isolate (Retail) 260g,,Proteinas Whey,14.99,0.26,57.65,MyProtein,https://www.myprotein.es/p/nutricion-deportiva/myprotein-clear-whey-isolate-retail/12608168/,https://main.thgimages.com?url=https://static.thcdn.com/productimg/original/12608170-1645353913271741.jpg&format=webp&width=1500&height=1500&fit=cover,2026-10-06,,,,,"['Té de Melocotón', 'Naranja y  Mango']",,,,,True,,
100% Whey Hydro Isolate Clear Black Series 700g,,Proteinas Whey,40.49,0.7,57.84,Prozis,https://www.prozis.com/es/es/prozis/100-whey-hydro-isolate-clear-black-series-700g,//static.sscontent.com/thumb/750/750/t/products/124/v1838420_prozis_100-whey-hydro-isolate-clear-black-series-700g_1.png,2026-10-06,,,,,"['Mango y Melocotón', 'Manzana verde', 'Ponche tropical']",3.5,1.0,https://www.prozis.com/es/es/prozis/100-whey-hydro-isolate-clear-black-series-700g,,,,
Amix Proteína Clear ISO Whey - Sin Azúcar | Comprar 1kg,Amix Nutrition,Proteinas Whey,59.08,1.0,59.08,Nutritienda,https://www.nutritienda.com/es/amix-nutrition/clear-iso-whey,https://imagedelivery.net/-uGyOE-KT6ZqyPmPyh8-iw/fa2a57cb-aeee-4003-3f29-41875efd5d00/public,2026-10-06,,,,,,4.5,2.0,https://www.nutritienda.com/es/amix-nutrition/clear-iso-whey,,,,
Gold Nutrition Creatina + Total Iso Whey Pack Oferta 450g,Gold Nutrition,Proteinas Whey,26.99,0.45,59.98,Nutritienda,https://www.nutritienda.com/es/gold-nutrition/total-iso-whey-450g,https://imagedelivery.net/-uGyOE-KT6ZqyPmPyh8-iw/3ec97f9d-c07f-452a-8659-fcf09133a900/public,2026-10-06,,,,,,,,,,,,
Zero Diet Whey 750 g,,Proteinas Whey,44.99,0.75,59.99,Prozis,https://www.prozis.com/es/es/prozis/zero-diet-whey-750-g,//static.sscontent.com/thumb/750/750/t/products/124/v1753536_prozis_zero-diet-whey-750g_cookies-and-cream_flavor_21.png,2026-10-06,,,,,"['Brownie de chocolate', 'Capuchino', 'Chocolate Blanco y Frambuesa', 'Galletas y crema', 'Vainilla']",4.67,6175.0,https://www.prozis.com/es/es/prozis/zero-diet-whey-750-g,,,,
100% Whey Prime + Creatine 400 g,,Proteinas Whey,24.29,0.4,60.72,Prozis,https://www.prozis.com/es/es/prozis/100-whey-prime-creatine-400-g,//static.sscontent.com/thumb/750/750/t/products/124/v1816175_prozis_100-whey-prime--creatine-400g_1.png,2026-10-06,,,,,"['Barquillo de fresa', 'Brownie de chocolate', 'Caramelo salado', 'Chocolate', 'Chocolate belga', 'Chocolate blanco', 'Chocolate y avellanas', 'Fresa', 'Fresa y Plátano', 'Galletas y crema', 'Mango', 'Neutro', 'Vainilla']",4.56,47947.0,https://www.prozis.com/es/es/prozis/100-whey-prime-creatine-400-g,,,,
GoldNutrition Total Whey 260g - Proteína Premium,Gold Nutrition,Proteinas Whey,16.19,0.26,62.27,Nutritienda,https://www.nutritienda.com/es/gold-nutrition/total-whey,https://imagedelivery.net/-uGyOE-KT6ZqyPmPyh8-iw/01f925ac-98cd-44d6-d29e-a2b2f6d09400/public,2026-10-06,,,,,,4.7,11.0,https://www.nutritienda.com/es/gold-nutrition/total-whey,,,,
Iso Zero CFM (Bolsa) 800g,Life Pro Nutrition,Proteinas Whey,50.31,0.8,62.89,Nutritienda,https://www.nutritienda.com/es/life-pro-nutrition/iso-zero-cfm-bolsa,https://imagedelivery.net/-uGyOE-KT6ZqyPmPyh8-iw/f17a4507-1689-4990-7888-527695ba3600/public,2026-10-06,,,,,,,,,,,,
Mocachino Proteico - Con Cafeína Extra 400 g,,Proteinas Whey,25.19,0.4,62.98,Prozis,https://www.prozis.com/es/es/prozis/mocachino-proteico-con-cafeina-extra-400-g,//static.sscontent.com/thumb/750/750/t/products/124/v1244519_prozis_protein-mochaccino-extra-caffeine-400-g_1.png,2026-10-06,,,,,,4.58,596.0,https://www.prozis.com/es/es/prozis/mocachino-proteico-con-cafeina-extra-400-g,,,,
Whey Isolate 1000g,Best Protein,Proteinas Whey,63.3,1.0,63.3,Nutritienda,https://www.nutritienda.com/es/best-protein/whey-isolate,https://imagedelivery.net/-uGyOE-KT6ZqyPmPyh8-iw/58430e64-f6ca-46b4-c852-548a6fa25300/public,2026-10-06,,,,,,5.0,7.0,https://www.nutritienda.com/es/best-protein/whey-isolate,,,,
Pack Regalo CFM Nitro Isolate 2 Kg + Detonatrol 30 Caps,Amix Nutrition,Proteinas Whey,127.42,2.0,63.71,Nutritienda,https://www.nutritienda.com/es/amix-nutrition/pack-regalo-cfm-nitro-isolate-2000g-detonatrol-30-capsulas,https://imagedelivery.net/-uGyOE-KT6ZqyPmPyh8-iw/3c122cdf-3349-4607-64d8-00b914622d00/public,2026-10-06,,,,,,,,,,,,
Musclecore Proteína CFM Nitro Whey - 90% Proteína Pura 2000g,Amix Nutrition,Proteinas Whey,127.42,2.0,63.71,Nutritienda,https://www.nutritienda.com/es/amix-nutrition/cfm-nitro-protein-isolate,https://imagedelivery.net/-uGyOE-KT6ZqyPmPyh8-iw/25f94910-3d13-48ed-456f-d66036a1ba00/public,2026-10-06,,,,,,4.6,876.0,https://www.nutritienda.com/es/amix-nutrition/cfm-nitro-protein-isolate,,,,
Pack Regalo Cfm Nitro Isolate 2 Kg + Triptofano 30 Caps,Amix Nutrition,Proteinas Whey,127.42,2.0,63.71,Nutritienda,https://www.nutritienda.com/es/amix-nutrition/pack-regalo-cfm-nitro-isolate-2-kg-triptofano-30-caps,https://imagedelivery.net/-uGyOE-KT6ZqyPmPyh8-iw/1d919475-f469-45ae-627b-9f1b4cc25e00/public,2026-10-06,,,,,,,,,,,,
Isopro CFM (Provon) 500g,Quamtrax,Proteinas Whey,31.9,0.5,63.8,Nutritienda,https://www.nutritienda.com/es/quamtrax/isopro-cfm,https://imagedelivery.net/-uGyOE-KT6ZqyPmPyh8-iw/a20e6c40-cf31-4dc2-a415-c81f5f4bf600/public,2026-10-06,,,,,,4.6,290.0,https://www.nutritienda.com/es/quamtrax/isopro-cfm,,,,
Amix HydroPure Whey CFM - Proteína Suero Hidrolizada 1600g,Amix Nutrition,Proteinas Whey,103.28,1.6,64.55,Nutritienda,https://www.nutritienda.com/es/amix-nutrition-hydropure-whey-cfm-1600g,https://imagedelivery.net/-uGyOE-KT6ZqyPmPyh8-iw/c3eb2d11-6518-40d1-dc66-cb966a9b2900/public,2026-10-06,,,,,,4.6,48.0,https://www.nutritienda.com/es/amix-nutrition-hydropure-whey-cfm-1600g,,,,
"Platinum Hydro Whey 1,5 Kg ▸ Optimum Nutrition | Nutritienda",Optimum Nutrition,Proteinas Whey,98.99,1.5,65.99,Nutritienda,https://www.nutritienda.com/es/platinum-hydro-whey-1500g,https://imagedelivery.net/-uGyOE-KT6ZqyPmPyh8-iw/50155849-8ade-4e67-b797-2eadc19b0800/public,2026-10-06,,,,,,4.6,166.0,https://www.nutritienda.com/es/platinum-hydro-whey-1500g,,,,
Clear Iso Zero 750g,Big,Proteinas Whey,49.99,0.75,66.65,Nutritienda,https://www.nutritienda.com/es/big/clear-iso-zero-750g,https://imagedelivery.net/-uGyOE-KT6ZqyPmPyh8-iw/053f7b00-ef56-495c-d943-9b75512dd100/public,2026-10-06,,,,,,,,,,,,
AMIX Proteína Black CFM Isolate | Suero Alta Calidad 1kg,Amix Nutrition,Proteinas Whey,67.92,1.0,67.92,Nutritienda,https://www.nutritienda.com/es/amix-nutrition/black-cfm-isolate,https://imagedelivery.net/-uGyOE-KT6ZqyPmPyh8-iw/b14eece2-c6a3-417d-f31f-e1dafe6b0200/public,2026-10-06,,,,,,,,,,,,
PURE WHEY ISOLATE 95 600g,Olimp,Proteinas Whey,40.95,0.6,68.25,Nutritienda,https://www.nutritienda.com/es/olimp/pure-whey-isolate-95,https://imagedelivery.net/-uGyOE-KT6ZqyPmPyh8-iw/f0ebed97-9a1d-449f-5093-b606b104cb00/public,2026-10-06,,,,,,4.4,52.0,https://www.nutritienda.com/es/olimp/pure-whey-isolate-95,,,,
C4 Whey Protein 449g,Cellucor,Proteinas Whey,31.25,0.449,69.6,Nutritienda,https://www.nutritienda.com/es/cellucor/c4-whey-protein,https://imagedelivery.net/-uGyOE-KT6ZqyPmPyh8-iw/d03de7f8-477f-42a7-8fe5-421dd8c49b00/public,2026-10-06,,,,,,,,,,,,
Natural Real Whey Isolate 907g,,Proteinas Whey,63.89,0.907,70.44,Prozis,https://www.prozis.com/es/es/prozis/natural-real-whey-isolate-907g,//static.sscontent.com/thumb/750/750/t/products/124/v1723044_prozis_natural-real-whey-isolate-907g_1.png,2026-10-06,,,,,"['Chocolate', 'Plátano y vainilla', 'Vainilla']",4.61,2461.0,https://www.prozis.com/es/es/prozis/natural-real-whey-isolate-907g,,,,
Natural Real Whey Isolate 1814 g,,Proteinas Whey,127.78,1.814,70.44,Prozis,https://www.prozis.com/es/es/prozis/natural-real-whey-isolate-1814-g,//static.sscontent.com/thumb/750/750/t/products/124/v1723086_prozis_natural-real-whey-isolate-1814-g_1.png,2026-10-06,,,,,"['Chocolate', 'Plátano y vainilla', 'Vainilla']",4.61,2461.0,https://www.prozis.com/es/es/prozis/natural-real-whey-isolate-1814-g,,,,
100% Whey Hydro Isolate Clear 700g,,Proteinas Whey,49.49,0.7,70.7,Prozis,https://www.prozis.com/es/es/prozis/100-whey-hydro-isolate-clear-700g,//static.sscontent.com/thumb/750/750/t/products/124/v1835243_prozis_100-whey-hydro-isolate-clear-700g_orange_flavor_21.png,2026-10-06,,,,,"['Limón', 'Mango y Melocotón', 'Naranja', 'Ponche de frutas', 'Sandía']",4.67,370.0,https://www.prozis.com/es/es/prozis/100-whey-hydro-isolate-clear-700g,,,,
PeptoPro® hidrolizado de caseína en polvo 500g,,Proteinas Whey,40.14,0.5,80.28,HSN,https://www.hsnstore.com/marcas/raw-series/peptopro-hidrolizado-de-caseina-en-polvo,https://www.hsnstore.com/media/catalog/product/cache/67ee89799642c567a71fc92f3699d937/p/e/peptopro-powder-hsn_1.jpg,2026-10-06,12.0,15.0,33.0,False,,4.65,54.0,https://www.hsnstore.com/marcas/raw-series/peptopro-hidrolizado-de-caseina-en-polvo,whey,,,
Evopept 2.0 (PeptoPro®) 500g,,Proteinas Whey,41.6,0.5,83.2,HSN,https://www.hsnstore.com/marcas/sport-series/evopept-peptopro,https://www.hsnstore.com/media/catalog/product/cache/67ee89799642c567a71fc92f3699d937/e/v/evopept-hsn_1.jpg,2026-10-06,9.3,13.0,38.0,False,"['cereza', 'cola', 'piña']",4.6,129.0,https://www.hsnstore.com/marcas/sport-series/evopept-peptopro,whey,,,
Whey Protein Golden Edition 900g,Life Pro Nutrition,Proteinas Whey,80.91,0.9,89.9,Nutritienda,https://www.nutritienda.com/es/life-pro-nutrition/whey-protein-golden-edition,https://imagedelivery.net/-uGyOE-KT6ZqyPmPyh8-iw/c0cc60aa-4706-4b81-4403-5d4373af7e00/public,2026-10-06,,,,,,,,,,,,
BioTechUSA Iso Whey Clear 400g - Proteína Refrescante,Biotech Usa,Proteinas Whey,36.9,0.4,92.25,Nutritienda,https://www.nutritienda.com/es/biotechusa/iso-whey-clear-400g,https://imagedelivery.net/-uGyOE-KT6ZqyPmPyh8-iw/3db0caac-c7f0-4bcc-f590-c329823ef900/public,2026-10-06,,,,,,,,,,,,
Isolat Competition 1 Kg,Mega Plus,Proteinas Whey,94.48,1.0,94.48,Nutritienda,https://www.nutritienda.com/es/mega-plus/isolat-competition,https://imagedelivery.net/-uGyOE-KT6ZqyPmPyh8-iw/9ebaf4cf-bffd-45c8-b3a2-10ac17cad500/public,2026-10-06,,,,,,5.0,10.0,https://www.nutritienda.com/es/mega-plus/isolat-competition,,,,
Sachet 100% Whey Prime + Creatine 25g x 2,,Proteinas Whey,2.5,0.025,100.0,Prozis,https://www.prozis.com/es/es/prozis/sachet-100-whey-prime-creatine-25g-x-2,//static.sscontent.com/thumb/750/750/t/products/124/v1505030_prozis_2-x-sachet-100-whey-prime-25-g_1.png,2026-10-06,,,,,"['Barquillo de fresa', 'Brownie de chocolate', 'Caramelo salado', 'Chocolate', 'Chocolate belga', 'Chocolate blanco', 'Chocolate y avellanas', 'Fresa', 'Fresa y Plátano', 'Galletas y crema', 'Mango', 'Neutro', 'Vainilla']",4.56,47947.0,https://www.prozis.com/es/es/prozis/sachet-100-whey-prime-creatine-25g-x-2,,,,
Colágeno Marino 300g,,Proteinas Whey,32.99,0.3,109.97,MyProtein,https://www.myprotein.es/p/nutricion-deportiva/colageno-marino/12376959/,https://main.thgimages.com?url=https://static.thcdn.com/productimg/original/16633271-5895338394288580.jpg&format=webp&width=1500&height=1500&fit=cover,2026-10-06,,,,,,,,,,True,,
Sachet Supreme Whey Protein 30g x 3,,Proteinas Whey,4.49,0.03,149.67,Prozis,https://www.prozis.com/es/es/prozis/sachet-supreme-whey-protein-30g-x-3,//static.sscontent.com/thumb/750/750/t/products/124/v1813492_prozis_3-x-supreme-whey-protein-30g_dulce-de-leche_flavor_21.png,2026-10-06,,,,,"['Batido de fresa', 'Chocolate blanco', 'Chocolate con Leche', 'Dulce de Leche', 'Galletas y crema', 'Matcha Latte', 'Neutro', 'Pastel de plátano y toffee', 'Speculoos', 'Vainilla francesa']",4.79,261.0,https://www.prozis.com/es/es/prozis/sachet-supreme-whey-protein-30g-x-3,,,,
Sachet Yogo Whey - High-Protein Shake 30g x 3,,Proteinas Whey,4.49,0.03,149.67,Prozis,https://www.prozis.com/es/es/prozis/sachet-yogo-whey-high-protein-shake-30g-x-3,//static.sscontent.com/thumb/750/750/t/products/124/v1828072_prozis_3-x-sachet-yogo-whey-high-protein-shake-30g_1.png,2026-10-06,,,,,"['Chocolate', 'Fresa', 'Frutos Rojos', 'Mango y coco', 'Speculoos', 'Tropical', 'Vainilla']",4.9,91.0,https://www.prozis.com/es/es/prozis/sachet-yogo-whey-high-protein-shake-30g-x-3,,,,
Sachet Real Whey + Hydro Collagen 25g x 3,,Proteinas Whey,3.99,0.025,159.6,Prozis,https://www.prozis.com/es/es/prozis/sachet-real-whey-hydro-collagen-25g-x-3,//static.sscontent.com/thumb/750/750/t/products/124/v1814456_prozis_3-x-real-whey--hydro-collagen-25g_1.png,2026-10-06,,,,,"['Chocolate', 'Mango y Melocotón', 'Speculoos', 'Vainilla']",4.72,93.0,https://www.prozis.com/es/es/prozis/sachet-real-whey-hydro-collagen-25g-x-3,,,,
Sachet Yogo Whey + Creatine - High-Protein Shake 30g x 3,,Proteinas Whey,5.39,0.03,179.67,Prozis,https://www.prozis.com/es/es/prozis/sachet-yogo-whey-creatine-high-protein-shake-30g-x-3,//static.sscontent.com/thumb/750/750/t/products/124/v1803281_prozis_3-x-sachet-yogo-whey--creatine-high-protein-shake-30g_1.png,2026-10-06,,,,,"['Chocolate', 'Fresa', 'Frutos Rojos', 'Mango y coco', 'Speculoos', 'Tropical', 'Vainilla']",5.0,4.0,https://www.prozis.com/es/es/prozis/sachet-yogo-whey-creatine-high-protein-shake-30g-x-3,,,,
Sachet 100 % Real Whey Protein 30g x 3,,Proteinas Whey,6.29,0.03,209.67,Prozis,https://www.prozis.com/es/es/prozis/sachet-100-real-whey-protein-30g-x-3,//static.sscontent.com/thumb/750/750/t/products/124/v1478451_prozis_3-x-sachet-100--real-whey-protein-30-g_1.png,2026-10-06,,,,,"['Chocolate belga', 'Galletas y crema']",4.62,76581.0,https://www.prozis.com/es/es/prozis/sachet-100-real-whey-protein-30g-x-3,,,,
Sachet 100 % Real Whey Protein - SilkWhey 30 g x 3,,Proteinas Whey,6.29,0.03,209.67,Prozis,https://www.prozis.com/es/es/prozis/sachet-100-real-whey-protein-silkwhey-30-g-x-3,//static.sscontent.com/thumb/750/750/t/products/124/v1839675_prozis_sachet-100--real-whey-protein-silkwhey-30-g-x-3_1.png,2026-10-06,,,,,"['Brownie de chocolate', 'Café y Caramelo', 'Chocolate', 'Chocolate belga', 'Chocolate blanco', 'Chocolate con Leche', 'Chocolate negro', 'Chocolate y avellanas', 'Chocolate y caramelo', 'Fresa', 'Fresa y Plátano', 'Galletas y crema', 'Mango', 'Mango y Melocotón', 'Neutro', 'Plátano', 'Speculoos', 'Stracciatella', 'Vainilla']",4.76,59.0,https://www.prozis.com/es/es/prozis/sachet-100-real-whey-protein-silkwhey-30-g-x-3,,,,
Yogo Whey - High-Protein Shake 15 servings,,Proteinas Whey,17.99,,,Prozis,https://www.prozis.com/es/es/prozis/yogo-whey-high-protein-shake-15-servings,//static.sscontent.com/thumb/750/750/t/products/124/v1827978_prozis_yogo-whey-high-protein-shake-15-servings_1.png,2026-10-06,,,,,"['Frutos Rojos', 'Speculoos', 'Chocolate', 'Fresa', 'Mango y coco', 'Tropical', 'Vainilla']",4.9,91.0,https://www.prozis.com/es/es/prozis/yogo-whey-high-protein-shake-15-servings,,,,
100% Real Whey Protein - 20 servings - Cookies and Cream,,Proteinas Whey,40.49,,,Prozis,https://www.prozis.com/es/es/prozis/100-real-whey-protein-20-servings-cookies-and-cream,//static.sscontent.com/thumb/750/750/t/products/124/v1831269_prozis_100-real-whey-protein-20-servings-cookies-and-cream_1.png,2026-10-06,,,,,"['Brownie de chocolate', 'Café y Caramelo', 'Chocolate', 'Chocolate belga', 'Chocolate blanco', 'Chocolate con Leche', 'Chocolate negro', 'Chocolate y avellanas', 'Chocolate y caramelo', 'Fresa', 'Fresa y Plátano', 'Galletas y crema', 'Mango', 'Mango y Melocotón', 'Neutro', 'Plátano', 'Speculoos', 'Stracciatella', 'Vainilla']",5.0,1.0,https://www.prozis.com/es/es/prozis/100-real-whey-protein-20-servings-cookies-and-cream,,,,
Yogo Whey + Creatine - High-Protein Shake 15 serv,,Proteinas Whey,20.69,,,Prozis,https://www.prozis.com/es/es/prozis/yogo-whey-creatine-high-protein-shake-15-serv,//static.sscontent.com/thumb/750/750/t/products/124/v1820976_prozis_yogo-whey--creatine-high-protein-shake-15-serv_1.png,2026-10-06,,,,,"['Chocolate', 'Fresa', 'Frutos Rojos', 'Mango y coco', 'Speculoos', 'Tropical', 'Vainilla']",4.86,7.0,https://www.prozis.com/es/es/prozis/yogo-whey-creatine-high-protein-shake-15-serv,,,,
100% Real Whey Protein - 20 servings - Vanilla,,Proteinas Whey,40.49,,,Prozis,https://www.prozis.com/es/es/prozis/100-real-whey-protein-20-servings-vanilla,//static.sscontent.com/thumb/750/750/t/products/124/v1831241_prozis_100-real-whey-protein-20-servings-vanilla_1.png,2026-10-06,,,,,"['Brownie de chocolate', 'Café y Caramelo', 'Chocolate', 'Chocolate belga', 'Chocolate blanco', 'Chocolate con Leche', 'Chocolate negro', 'Chocolate y avellanas', 'Chocolate y caramelo', 'Fresa', 'Fresa y Plátano', 'Galletas y crema', 'Mango', 'Mango y Melocotón', 'Neutro', 'Plátano', 'Speculoos', 'Stracciatella', 'Vainilla']",3.5,1.0,https://www.prozis.com/es/es/prozis/100-real-whey-protein-20-servings-vanilla,,,,
100% Real Whey Protein - 20 servings - Belgian Chocolate,,Proteinas Whey,40.49,,,Prozis,https://www.prozis.com/es/es/prozis/100-real-whey-protein-20-servings-belgian-chocolate,//static.sscontent.com/thumb/750/750/t/products/124/v1831255_prozis_100-real-whey-protein-20-servings-belgian-chocolate_1.png,2026-10-06,,,,,"['Brownie de chocolate', 'Café y Caramelo', 'Chocolate', 'Chocolate belga', 'Chocolate blanco', 'Chocolate con Leche', 'Chocolate negro', 'Chocolate y avellanas', 'Chocolate y caramelo', 'Fresa', 'Fresa y Plátano', 'Galletas y crema', 'Mango', 'Mango y Melocotón', 'Neutro', 'Plátano', 'Speculoos', 'Stracciatella', 'Vainilla']",5.0,1.0,https://www.prozis.com/es/es/prozis/100-real-whey-protein-20-servings-belgian-chocolate,,,,
Origin Protein (con Creatina),,Proteinas Whey,24.99,,,MyProtein,https://www.myprotein.es/p/nutricion-deportiva/origin-protein-con-creatina/15245849/,https://main.thgimages.com?url=https://static.thcdn.com/productimg/original/16003862-4445272806411885.jpg&format=webp&width=1500&height=1500&fit=cover,2026-10-06,,,,,"['Galleta de Caramelo', 'Galleta con Pepitas de Chocolate', 'Cinnamon Roll', 'MARVEL Iron Man - Red Velvet Cake', 'MARVEL Thanos - Blueberry Muffin']",3.75,4.0,https://www.myprotein.es/p/nutricion-deportiva/origin-protein-con-creatina/15245849/,,True,,
Clear Vegan Protein,,Proteinas Whey,21.99,,,MyProtein,https://www.myprotein.es/p/nutricion-deportiva/clear-vegan-protein/12360400/,https://main.thgimages.com?url=https://static.thcdn.com/productimg/original/12872207-7985334444311724.png&format=webp&width=1500&height=1500&fit=cover,2026-10-06,,,,,"['Lima y Limón', 'Fresa', 'Apple & Elderflower', 'Pineapple & Grapefruit', 'Grosella Negra', 'Sandía', 'Frambuesa y Mojito', 'Naranja Roja', 'Cereza Negra']",4.76,33.0,https://www.myprotein.es/p/nutricion-deportiva/clear-vegan-protein/12360400/,,True,,
Myprotein Clear Whey Isolate (Sample),,Proteinas Whey,1.0,,,MyProtein,https://www.myprotein.es/p/nutricion-deportiva/myprotein-clear-whey-isolate-sample/12081401/,https://main.thgimages.com?url=https://static.thcdn.com/productimg/original/12517880-1395129241901131.jpg&format=webp&width=1500&height=1500&fit=cover,2026-10-06,,,,,,,,,,True,,
Myvegan Plant Protein Superblend (Sample),,Proteinas Whey,1.0,,,MyProtein,https://www.myprotein.es/p/nutricion-deportiva/myvegan-plant-protein-superblend-sample/13972456/,https://main.thgimages.com?url=https://static.thcdn.com/productimg/original/13972457-1755182358402673.jpg&format=webp&width=1500&height=1500&fit=cover,2026-10-06,,,,,,,,,,True,,
Supermezcla de proteína vegetal,,Proteinas Whey,9.99,,,MyProtein,https://www.myprotein.es/p/nutricion-deportiva/supermezcla-de-proteina-vegetal/13972449/,https://main.thgimages.com?url=https://static.thcdn.com/productimg/original/13972449-9835179481059557.jpg&format=webp&width=1500&height=1500&fit=cover,2026-10-06,,,,,"['Caramelo', 'Iced Coffee', 'Chocolate']",3.4,5.0,https://www.myprotein.es/p/nutricion-deportiva/supermezcla-de-proteina-vegetal/13972449/,,True,,
Hidrolizado de proteína de ternera aislada,,Proteinas Whey,27.49,,,MyProtein,https://www.myprotein.es/p/nutricion-deportiva/hidrolizado-de-proteina-de-ternera-aislada/10902405/,https://main.thgimages.com?url=https://static.thcdn.com/productimg/original/17744666-2025352305461212.jpg&format=webp&width=1500&height=1500&fit=cover,2026-10-06,,,,,"['Chocolate', 'Cafe', 'Sin Sabor']",4.11,37.0,https://www.myprotein.es/p/nutricion-deportiva/hidrolizado-de-proteina-de-ternera-aislada/10902405/,,True,,
Origin Pre-Entreno Dry Scoop,,Proteinas Whey,10.99,,,MyProtein,https://www.myprotein.es/p/nutricion-deportiva/origin-pre-entreno-dry-scoop/14024015/,https://main.thgimages.com?url=https://static.thcdn.com/productimg/original/14024016-8545129203247913.jpg&format=webp&width=1500&height=1500&fit=cover,2026-10-06,,,,,"['Sour Apples', 'Cherry Drops', 'Passionfruit Twister']",,,,,True,,
Clear Whey Gainer,,Proteinas Whey,48.99,,,MyProtein,https://www.myprotein.es/p/nutricion-deportiva/clear-whey-gainer/13096868/,https://main.thgimages.com?url=https://static.thcdn.com/productimg/original/13096868-1805183633459787.jpg&format=webp&width=1500&height=1500&fit=cover,2026-10-06,,,,,"['Manzana', 'Piña', 'Naranja y Mango', 'Frambuesa y Limonada']",5.0,4.0,https://www.myprotein.es/p/nutricion-deportiva/clear-whey-gainer/13096868/,,True,,
Clear Whey Electrolyte,,Proteinas Whey,26.99,,,MyProtein,https://www.myprotein.es/p/nutricion-deportiva/clear-whey-electrolyte/12869895/,https://main.thgimages.com?url=https://static.thcdn.com/productimg/original/12869896-1205178695301210.jpg&format=webp&width=1500&height=1500&fit=cover,2026-10-06,,,,,"['Pomelo Rosa', 'Uva']",,,,,True,,
Clear Whey x Chupa Chups® sabor fresa,,Proteinas Whey,46.99,,,MyProtein,https://www.myprotein.es/p/nutricion-deportiva/clear-whey-x-chupa-chups-sabor-fresa/14866280/,https://main.thgimages.com?url=https://static.thcdn.com/productimg/original/14866281-1475093356308738.jpg&format=webp&width=1500&height=1500&fit=cover,2026-10-06,,,,,,,,,,True,,
Origin Protein – Iron Man – Tarta Red Velvet | MARVEL,,Proteinas Whey,43.99,,,MyProtein,https://www.myprotein.es/p/nutricion-deportiva/origin-protein-iron-man-tarta-red-velvet-marvel/16003857/,https://main.thgimages.com?url=https://static.thcdn.com/productimg/original/17538714-1625281534811889.jpg&format=webp&width=1500&height=1500&fit=cover,2026-10-06,,,,,"['MARVEL Iron Man - Red Velvet Cake', 'MARVEL Thanos - Blueberry Muffin']",,,,,True,,
Clear All-In-One,,Proteinas Whey,31.89,,,MyProtein,https://www.myprotein.es/p/nutricion-deportiva/clear-all-in-one/13324944/,https://main.thgimages.com?url=https://static.thcdn.com/productimg/original/13324946-1735183863809723.jpg&format=webp&width=1500&height=1500&fit=cover,2026-10-06,,,,,"['Té de Melocotón', 'Lima y Limón', 'Frambuesa y Limonada']",3.0,2.0,https://www.myprotein.es/p/nutricion-deportiva/clear-all-in-one/13324944/,,True,,
THE Whey - Sabor pistacho,,Proteinas Whey,50.59,,,MyProtein,https://www.myprotein.es/p/nutricion-deportiva/the-whey-sabor-pistacho/14273015/,https://main.thgimages.com?url=https://static.thcdn.com/productimg/original/14273016-7675193155459901.jpg&format=webp&width=1500&height=1500&fit=cover,2026-10-06,,,,,,,,,,True,,
100% creatina Monohidrato 500g,Quamtrax Direct,creatina,19.92,0.5,39.84,Nutritienda,https://www.nutritienda.com/es/quamtrax-direct/creatina-monohidrato-500g,https://imagedelivery.net/-uGyOE-KT6ZqyPmPyh8-iw/f1e0c528-80a1-43b8-28d7-e107d05da400/public,2026-10-06,,,,,,4.8,51.0,https://www.nutritienda.com/es/quamtrax-direct/creatina-monohidrato-500g,,,True,
Basic Creatine Monohydrate 500g,Nutriversum,creatina,20.98,0.5,41.96,Nutritienda,https://www.nutritienda.com/es/nutriversum/basic-creatine-monohydrate-500g,https://imagedelivery.net/-uGyOE-KT6ZqyPmPyh8-iw/94ea4e18-fe98-4d28-e581-82a88878e100/public,2026-10-06,,,,,,4.7,38.0,https://www.nutritienda.com/es/nutriversum/basic-creatine-monohydrate-500g,,,True,
Creatine Monohidrato Creapure® 300g,Amix Performance,creatina,31.37,0.3,104.57,Nutritienda,https://www.nutritienda.com/es/amix-performance/creatine-monohidrato-creapure-300g,https://imagedelivery.net/-uGyOE-KT6ZqyPmPyh8-iw/7519ac02-ee49-408c-df33-b58316d03100/public,2026-10-06,,,,,,4.8,143.0,https://www.nutritienda.com/es/amix-performance/creatine-monohidrato-creapure-300g,,,True,
Black Creatine Creapure 300 g,Amix Nutrition,creatina,31.37,0.3,104.57,Nutritienda,https://www.nutritienda.com/es/amix-nutrition/black-creatine-creapure-300g,https://imagedelivery.net/-uGyOE-KT6ZqyPmPyh8-iw/e11420ff-a494-49f9-f801-de9781859100/public,2026-10-06,,,,,,,,,,,True,
Amix Creatina Masticable 60 Comprimidos - Pureza HPLC 60tabs,Amix Nutrition,creatina,16.92,,,Nutritienda,https://www.nutritienda.com/es/amix-nutrition/creatine-chewable-mix-sabores-60-tabs,https://imagedelivery.net/-uGyOE-KT6ZqyPmPyh8-iw/41b0fa1e-1a1b-417b-b6af-ae2b4b06d500/public,2026-10-06,,,,,,,,,,,True,
KRE-ALKALYN 3000 120caps,Quamtrax,creatina,23.12,,,Nutritienda,https://www.nutritienda.com/es/quamtrax/kre-alkalyn-3000,https://imagedelivery.net/-uGyOE-KT6ZqyPmPyh8-iw/738115f4-af8a-4834-4578-72cde24a4200/public,2026-10-06,,,,,,4.6,204.0,https://www.nutritienda.com/es/quamtrax/kre-alkalyn-3000,,,True,
Creatine Monohydrate 250 Tabs 250tabs,Myprotein,creatina,14.99,,,Nutritienda,https://www.nutritienda.com/es/myprotein/creatine-monohydrate-250-tabletas,https://imagedelivery.net/-uGyOE-KT6ZqyPmPyh8-iw/e7845e00-ac1f-431a-95d8-49421de16600/public,2026-10-06,,,,,,,,,,,True,
MuscleTech Platinum Creatina Monohidrato Cápsulas 100vcaps,Muscletech,creatina,25.95,,,Nutritienda,https://www.nutritienda.com/es/muscletech/platinum-100-creatina-monohidrato-100-vcaps,https://imagedelivery.net/-uGyOE-KT6ZqyPmPyh8-iw/19853979-f868-48a4-3e77-dcb342b58000/public,2026-10-06,,,,,,,,,,,True,
Kre Alkalyn 120 Caps 120caps,Best Protein,creatina,18.16,,,Nutritienda,https://www.nutritienda.com/es/best-protein/kre-alkalyn-120-caps,https://imagedelivery.net/-uGyOE-KT6ZqyPmPyh8-iw/2cb95e0e-2292-46fc-e393-b6d81d429400/public,2026-10-06,,,,,,5.0,7.0,https://www.nutritienda.com/es/best-protein/kre-alkalyn-120-caps,,,True,
Pre Entreno Concept 500g,Mega Plus,pre-entreno,12.2,0.5,24.4,Nutritienda,https://www.nutritienda.com/es/mega-plus/pre-entreno-concept-500g,https://imagedelivery.net/-uGyOE-KT6ZqyPmPyh8-iw/78a958b6-70d1-4e97-bf5d-790152a8ea00/public,2026-10-06,,,,,,4.6,33.0,https://www.nutritienda.com/es/mega-plus/pre-entreno-concept-500g,,,True,
CICLO AMINO DEXTRIN 1500g,Big,pre-entreno,47.91,1.5,31.94,Nutritienda,https://www.nutritienda.com/es/big/ciclo-amino-dextrin-1500g,https://imagedelivery.net/-uGyOE-KT6ZqyPmPyh8-iw/8eb4ba57-3c34-4f10-ad1a-f206723eb400/public,2026-10-06,,,,,,4.7,24.0,https://www.nutritienda.com/es/big/ciclo-amino-dextrin-1500g,,,True,
Intense Pre-Workout 375g,Weider,pre-entreno,21.76,0.375,58.03,Nutritienda,https://www.nutritienda.com/es/weider/intense-pre-workout-375g,https://imagedelivery.net/-uGyOE-KT6ZqyPmPyh8-iw/fc50c26e-db6e-4c9c-06ce-2df1d9133800/public,2026-10-06,,,,,,,,,,,True,
C4 Sport 288g,Cellucor,pre-entreno,19.95,0.288,69.27,Nutritienda,https://www.nutritienda.com/es/cellucor/c4-sport-288g,https://imagedelivery.net/-uGyOE-KT6ZqyPmPyh8-iw/4b2cc61b-e2dc-4c68-200f-3b4eb2b80900/public,2026-10-06,,,,,,,,,,,True,
Applied Nutrition ABE Pre-Entreno 375g - El Mejor de Europa,Applied Nutrition,pre-entreno,26.99,0.375,71.97,Nutritienda,https://www.nutritienda.com/es/applied-nutrition/abe-375g,https://imagedelivery.net/-uGyOE-KT6ZqyPmPyh8-iw/24b48ac4-34d9-4eff-e5fd-dc2dd2733000/public,2026-10-06,,,,,,,,,,,True,
M.A.P. GLYCEROMAX 340g,Amix Pro,pre-entreno,36.55,0.34,107.5,Nutritienda,https://www.nutritienda.com/es/amix-pro/map-glyceromax-340g,https://imagedelivery.net/-uGyOE-KT6ZqyPmPyh8-iw/634671f4-3d28-4465-66f0-73033fa89c00/public,2026-10-06,,,,,,4.2,14.0,https://www.nutritienda.com/es/amix-pro/map-glyceromax-340g,,,True,
Animal Pump 30 Packs ▸ Universal Nutrition | Nutritienda 30packs,Universal Nutrition,pre-entreno,55.95,,,Nutritienda,https://www.nutritienda.com/es/animal-pump-30-packs,https://imagedelivery.net/-uGyOE-KT6ZqyPmPyh8-iw/e2a27ab9-747b-4ab6-44da-7a792d2b6700/public,2026-10-06,,,,,,4.6,220.0,https://www.nutritienda.com/es/animal-pump-30-packs,,,True,
EPO-CORE VO2 MAX 120 Caps 120caps,Amix Performance,pre-entreno,29.67,,,Nutritienda,https://www.nutritienda.com/es/amix-nutrition-epo-core-vo2-max-120-caps,https://imagedelivery.net/-uGyOE-KT6ZqyPmPyh8-iw/75d79b1a-6e7b-4a7a-2c44-f081ff6a6200/public,2026-10-06,,,,,,4.4,39.0,https://www.nutritienda.com/es/amix-nutrition-epo-core-vo2-max-120-caps,,,True,
R-Weiler Focus Shot 60 ml 9 Viales 9viales,Olimp,pre-entreno,41.0,,,Nutritienda,https://www.nutritienda.com/es/olimp/r-weiler-focus-shot-60-ml-9-viales,https://imagedelivery.net/-uGyOE-KT6ZqyPmPyh8-iw/20b71e7b-aef6-434d-5673-f10fc91f0d00/public,2026-10-06,,,,,,,,,,,True,
Whey Protein Sabor Neutro 500g,Quamtrax Direct,proteina-whey,16.4,0.5,32.8,Nutritienda,https://www.nutritienda.com/es/quamtrax-direct/whey-protein-sabor-neutro-500g,https://imagedelivery.net/-uGyOE-KT6ZqyPmPyh8-iw/5c943c43-b13e-4f78-cbbe-e0af409b8400/public,2026-10-06,,,,,,,,,,,True,
Hydrolyzed Whey Protein Isolate 990g,Hivital Foods,proteina-whey,39.9,0.99,40.3,Nutritienda,https://www.nutritienda.com/es/hivital-foods/hydrolyzed-whey-protein-isolate-990g,https://imagedelivery.net/-uGyOE-KT6ZqyPmPyh8-iw/e368164e-b580-4061-be1b-ff4e0c4ce600/public,2026-10-06,,,,,,,,,,,True,
Amix Proteína Gourmet con Fruta - Crecimiento Muscular 1000g,Amix Nutrition,proteina-whey,50.15,1.0,50.15,Nutritienda,https://www.nutritienda.com/es/amix/gourmet-protein-concentrado-de-suero-1000g,https://imagedelivery.net/-uGyOE-KT6ZqyPmPyh8-iw/8f0e0b96-f816-408a-8805-9ac7eac8b100/public,2026-10-06,,,,,,4.0,2.0,https://www.nutritienda.com/es/amix/gourmet-protein-concentrado-de-suero-1000g,,,True,
Pack Regalo IsoPrime CFM 2 Kg + Creatina Monohidrato 30 Caps - Proteína Premium,Amix Nutrition,proteina-whey,112.97,2.0,56.48,Nutritienda,https://www.nutritienda.com/es/amix-nutrition/pack-regalo-isoprime-cfm-2-kg-creatina-monohidrato-30-caps,https://imagedelivery.net/-uGyOE-KT6ZqyPmPyh8-iw/d11ac9b4-c36a-4c39-d23a-9d50866ddc00/public,2026-10-06,,,,,,,,,,,True,
